id,buildingblock1_smiles,buildingblock2_smiles,buildingblock3_smiles,molecule_smiles,protein_name,binds
159642,C#CC[C@@H](CC(=O)O)NC(=O)OCC1c2ccccc2-c2ccccc21,CN1CCN(Cc2cccc(N)c2)CC1,Cc1ccnc(N)c1,C#CC[C@@H](CC(=O)N[Dy])Nc1nc(Nc2cccc(CN3CCN(C)CC3)c2)nc(Nc2cc(C)ccn2)n1,BRD4,0
486750,C#CC[C@@H](CC(=O)O)NC(=O)OCC1c2ccccc2-c2ccccc21,Cl.Cl.NCCn1cnc2ccsc2c1=O,CN(CCN)C1CCOCC1,C#CC[C@@H](CC(=O)N[Dy])Nc1nc(NCCN(C)C2CCOCC2)nc(NCCn2cnc3ccsc3c2=O)n1,BRD4,0
899336,C#CC[C@@H](CC(=O)O)NC(=O)OCC1c2ccccc2-c2ccccc21,Nc1ccc(Cl)cn1,COC(=O)c1ccc(N)cc1O,C#CC[C@@H](CC(=O)N[Dy])Nc1nc(Nc2ccc(C(=O)OC)c(O)c2)nc(Nc2ccc(Cl)cn2)n1,sEH,0
533403,C#CC[C@@H](CC(=O)O)NC(=O)OCC1c2ccccc2-c2ccccc21,Cl.Cn1cc(N)ccc1=O,Cc1ccc(CN)c(OC2CCOC2)c1,C#CC[C@@H](CC(=O)N[Dy])Nc1nc(NCc2ccc(C)cc2OC2CCOC2)nc(Nc2ccc(=O)n(C)c2)n1,BRD4,1
140868,C#CC[C@@H](CC(=O)O)NC(=O)OCC1c2ccccc2-c2ccccc21,CN(C)c1nc(Cl)c(CN)s1.Cl.Cl,Cc1c(N)cccc1Br,C#CC[C@@H](CC(=O)N[Dy])Nc1nc(NCc2sc(N(C)C)nc2Cl)nc(Nc2cccc(Br)c2C)n1,BRD4,0
837647,C#CC[C@@H](CC(=O)O)NC(=O)OCC1c2ccccc2-c2ccccc21,NCc1cn(C(F)F)c2ccccc12,Cl.Cl.NCC#Cc1cccnc1,C#CC[C@@H](CC(=O)N[Dy])Nc1nc(NCC#Cc2cccnc2)nc(NCc2cn(C(F)F)c3ccccc23)n1,sEH,0
929570,C#CC[C@@H](CC(=O)O)NC(=O)OCC1c2ccccc2-c2ccccc21,Nc1ccc(N2CCOCC2)cc1,Cc1cccc(N)c1Cl,C#CC[C@@H](CC(=O)N[Dy])Nc1nc(Nc2ccc(N3CCOCC3)cc2)nc(Nc2cccc(C)c2Cl)n1,sEH,0
149026,C#CC[C@@H](CC(=O)O)NC(=O)OCC1c2ccccc2-c2ccccc21,CN1CC(CCN)CC1=O,COc1ccc([N+](=O)[O-])c(N)n1,C#CC[C@@H](CC(=O)N[Dy])Nc1nc(NCCC2CC(=O)N(C)C2)nc(Nc2nc(OC)ccc2[N+](=O)[O-])n1,HSA,0
877962,C#CC[C@@H](CC(=O)O)NC(=O)OCC1c2ccccc2-c2ccccc21,Nc1cc(N2CCNCC2)ccc1[N+](=O)[O-],COC(=O)c1scc(C)c1N,C#CC[C@@H](CC(=O)N[Dy])Nc1nc(Nc2cc(N3CCNCC3)ccc2[N+](=O)[O-])nc(Nc2c(C)csc2C(=O)OC)n1,BRD4,1
423597,C#CC[C@@H](CC(=O)O)NC(=O)OCC1c2ccccc2-c2ccccc21,Cc1cnc(Cl)cc1N,CCc1cc(N)n[nH]1,C#CC[C@@H](CC(=O)N[Dy])Nc1nc(Nc2cc(CC)[nH]n2)nc(Nc2cc(Cl)ncc2C)n1,BRD4,0
903346,C#CC[C@@H](CC(=O)O)NC(=O)OCC1c2ccccc2-c2ccccc21,Nc1ccc(Cl)nc1Cl,Nc1n[nH]c2c(F)c(F)ccc12,C#CC[C@@H](CC(=O)N[Dy])Nc1nc(Nc2ccc(Cl)nc2Cl)nc(Nc2n[nH]c3c(F)c(F)ccc23)n1,HSA,0
991128,C#CC[C@@H](CC(=O)O)NC(=O)OCC1c2ccccc2-c2ccccc21,Nc1cccc2c1C(=O)N(C1CCC(=O)NC1=O)C2=O,Cn1cc(CN)cn1,C#CC[C@@H](CC(=O)N[Dy])Nc1nc(NCc2cnn(C)c2)nc(Nc2cccc3c2C(=O)N(C2CCC(=O)NC2=O)C3=O)n1,BRD4,0
448638,C#CC[C@@H](CC(=O)O)NC(=O)OCC1c2ccccc2-c2ccccc21,Cc1nnc(CCCN)s1.Cl,Cl.NCCOc1ccc(F)c(F)c1,C#CC[C@@H](CC(=O)N[Dy])Nc1nc(NCCCc2nnc(C)s2)nc(NCCOc2ccc(F)c(F)c2)n1,BRD4,0
890801,C#CC[C@@H](CC(=O)O)NC(=O)OCC1c2ccccc2-c2ccccc21,Nc1ccc(Br)c(F)n1,CCOC(=O)c1coc(N)n1,C#CC[C@@H](CC(=O)N[Dy])Nc1nc(Nc2ccc(Br)c(F)n2)nc(Nc2nc(C(=O)OCC)co2)n1,sEH,0
29229,C#CC[C@@H](CC(=O)O)NC(=O)OCC1c2ccccc2-c2ccccc21,CC(C)(C#N)c1ccc(N)cc1,NCC1CCC2CC2C1,C#CC[C@@H](CC(=O)N[Dy])Nc1nc(NCC2CCC3CC3C2)nc(Nc2ccc(C(C)(C)C#N)cc2)n1,BRD4,0
571902,C#CC[C@@H](CC(=O)O)NC(=O)OCC1c2ccccc2-c2ccccc21,Cl.NCC1CCCC2(CCC2)C1O,Cl.NCC1CC12CCOCC2,C#CC[C@@H](CC(=O)N[Dy])Nc1nc(NCC2CCCC3(CCC3)C2O)nc(NCC2CC23CCOCC3)n1,BRD4,0
225967,C#CC[C@@H](CC(=O)O)NC(=O)OCC1c2ccccc2-c2ccccc21,COCOCCCN,Cc1ccnc(N)c1,C#CC[C@@H](CC(=O)N[Dy])Nc1nc(NCCCOCOC)nc(Nc2cc(C)ccn2)n1,HSA,0
295478,C#CC[C@@H](CC(=O)O)NC(=O)OCC1c2ccccc2-c2ccccc21,COc1cnc(N)nc1,Nc1ccc2c(c1)COC2=O,C#CC[C@@H](CC(=O)N[Dy])Nc1nc(Nc2ccc3c(c2)COC3=O)nc(Nc2ncc(OC)cn2)n1,sEH,0
466334,C#CC[C@@H](CC(=O)O)NC(=O)OCC1c2ccccc2-c2ccccc21,Cl.Cl.NCC1(c2ccncc2)CC1,Nc1n[nH]c2c(F)c(F)ccc12,C#CC[C@@H](CC(=O)N[Dy])Nc1nc(NCC2(c3ccncc3)CC2)nc(Nc2n[nH]c3c(F)c(F)ccc23)n1,sEH,0
216536,C#CC[C@@H](CC(=O)O)NC(=O)OCC1c2ccccc2-c2ccccc21,COC1(CN)CCC1,Cl.Cl.NCCN1CCS(=O)CC1,C#CC[C@@H](CC(=O)N[Dy])Nc1nc(NCCN2CCS(=O)CC2)nc(NCC2(OC)CCC2)n1,sEH,0
664797,C#CC[C@@H](CC(=O)O)NC(=O)OCC1c2ccccc2-c2ccccc21,Cl.NCc1csc(=O)[nH]1,Nc1ccc2nsnc2c1,C#CC[C@@H](CC(=O)N[Dy])Nc1nc(NCc2csc(=O)[nH]2)nc(Nc2ccc3nsnc3c2)n1,BRD4,0
598995,C#CC[C@@H](CC(=O)O)NC(=O)OCC1c2ccccc2-c2ccccc21,Cl.NCCCN1C(=O)CCC1=O,N#Cc1cc(N)ccc1Cl,C#CC[C@@H](CC(=O)N[Dy])Nc1nc(NCCCN2C(=O)CCC2=O)nc(Nc2ccc(Cl)c(C#N)c2)n1,BRD4,0
176066,C#CC[C@@H](CC(=O)O)NC(=O)OCC1c2ccccc2-c2ccccc21,COC(=O)c1cc(N)cc(F)c1,Cn1cc(N)cn1,C#CC[C@@H](CC(=O)N[Dy])Nc1nc(Nc2cc(F)cc(C(=O)OC)c2)nc(Nc2cnn(C)c2)n1,sEH,0
457811,C#CC[C@@H](CC(=O)O)NC(=O)OCC1c2ccccc2-c2ccccc21,Cl.Cl.Cn1ccnc1Cn1c(CCCN)nc2c1CCCC2,NCC1(c2ccc(Cl)cc2Cl)CCCC1,C#CC[C@@H](CC(=O)N[Dy])Nc1nc(NCCCc2nc3c(n2Cc2nccn2C)CCCC3)nc(NCC2(c3ccc(Cl)cc3Cl)CCCC2)n1,sEH,0
882820,C#CC[C@@H](CC(=O)O)NC(=O)OCC1c2ccccc2-c2ccccc21,Nc1ccc(-c2cnco2)cc1,CN(CCN)C1CCOCC1,C#CC[C@@H](CC(=O)N[Dy])Nc1nc(NCCN(C)C2CCOCC2)nc(Nc2ccc(-c3cnco3)cc2)n1,HSA,0
872072,C#CC[C@@H](CC(=O)O)NC(=O)OCC1c2ccccc2-c2ccccc21,Nc1cc(F)cc(F)c1,Nc1cc(F)cc(F)c1,C#CC[C@@H](CC(=O)N[Dy])Nc1nc(Nc2cc(F)cc(F)c2)nc(Nc2cc(F)cc(F)c2)n1,sEH,0
275659,C#CC[C@@H](CC(=O)O)NC(=O)OCC1c2ccccc2-c2ccccc21,COc1ccc(O)c(N)c1,Cc1cccc(N)c1Cl,C#CC[C@@H](CC(=O)N[Dy])Nc1nc(Nc2cc(OC)ccc2O)nc(Nc2cccc(C)c2Cl)n1,HSA,0
421463,C#CC[C@@H](CC(=O)O)NC(=O)OCC1c2ccccc2-c2ccccc21,Cc1cnc(CCN)s1.Cl.Cl,COC(=O)c1nc(N)sc1Br,C#CC[C@@H](CC(=O)N[Dy])Nc1nc(NCCc2ncc(C)s2)nc(Nc2nc(C(=O)OC)c(Br)s2)n1,sEH,0
591672,C#CC[C@@H](CC(=O)O)NC(=O)OCC1c2ccccc2-c2ccccc21,Cl.NCCC1CCCC1(F)F,Nc1cc(Br)ccn1,C#CC[C@@H](CC(=O)N[Dy])Nc1nc(NCCC2CCCC2(F)F)nc(Nc2cc(Br)ccn2)n1,BRD4,0
54428,C#CC[C@@H](CC(=O)O)NC(=O)OCC1c2ccccc2-c2ccccc21,CC(CN)N1CCC1,Nc1ccnc(Cl)c1,C#CC[C@@H](CC(=O)N[Dy])Nc1nc(NCC(C)N2CCC2)nc(Nc2ccnc(Cl)c2)n1,sEH,0
465211,C#CC[C@@H](CC(=O)O)NC(=O)OCC1c2ccccc2-c2ccccc21,Cl.Cl.NCC1(c2ccncc2)CC1,CC(C)(C)c1cc(N)n[nH]1,C#CC[C@@H](CC(=O)N[Dy])Nc1nc(NCC2(c3ccncc3)CC2)nc(Nc2cc(C(C)(C)C)[nH]n2)n1,HSA,1
406496,C#CC[C@@H](CC(=O)O)NC(=O)OCC1c2ccccc2-c2ccccc21,Cc1cccc(OCCCN)c1C.Cl,N#CC1=C(N)CCC1,C#CC[C@@H](CC(=O)N[Dy])Nc1nc(NCCCOc2cccc(C)c2C)nc(NC2=C(C#N)CCC2)n1,sEH,0
199383,C#CC[C@@H](CC(=O)O)NC(=O)OCC1c2ccccc2-c2ccccc21,COC(=O)c1nc(Cl)c(Cl)nc1N,Cc1n[nH]c(N)c1C,C#CC[C@@H](CC(=O)N[Dy])Nc1nc(Nc2nc(Cl)c(Cl)nc2C(=O)OC)nc(Nc2[nH]nc(C)c2C)n1,BRD4,0
268856,C#CC[C@@H](CC(=O)O)NC(=O)OCC1c2ccccc2-c2ccccc21,COc1ccc(N)cc1OC,Cc1cc2cc(CN)ccc2[nH]1,C#CC[C@@H](CC(=O)N[Dy])Nc1nc(NCc2ccc3[nH]c(C)cc3c2)nc(Nc2ccc(OC)c(OC)c2)n1,sEH,1
774313,C#CC[C@@H](CC(=O)O)NC(=O)OCC1c2ccccc2-c2ccccc21,NCCCCN1CCCC1,Cl.NCC1(F)CCOC1,C#CC[C@@H](CC(=O)N[Dy])Nc1nc(NCCCCN2CCCC2)nc(NCC2(F)CCOC2)n1,HSA,0
672303,C#CC[C@@H](CC(=O)O)NC(=O)OCC1c2ccccc2-c2ccccc21,Cl.NCc1nnc(-c2ccncc2)[nH]1,Cl.NCc1noc(C2CCOCC2)n1,C#CC[C@@H](CC(=O)N[Dy])Nc1nc(NCc2noc(C3CCOCC3)n2)nc(NCc2nnc(-c3ccncc3)[nH]2)n1,BRD4,0
268614,C#CC[C@@H](CC(=O)O)NC(=O)OCC1c2ccccc2-c2ccccc21,COc1ccc(N)cc1OC,COCc1ccccc1CN,C#CC[C@@H](CC(=O)N[Dy])Nc1nc(NCc2ccccc2COC)nc(Nc2ccc(OC)c(OC)c2)n1,BRD4,1
1041832,C#CC[C@@H](CC(=O)O)NC(=O)OCC1c2ccccc2-c2ccccc21,Nc1nc(Cl)cc(Cl)n1,CN1CC(CN)CC1=O,C#CC[C@@H](CC(=O)N[Dy])Nc1nc(NCC2CC(=O)N(C)C2)nc(Nc2nc(Cl)cc(Cl)n2)n1,HSA,0
797532,C#CC[C@@H](CC(=O)O)NC(=O)OCC1c2ccccc2-c2ccccc21,NCc1c(F)cccc1N1CCCC1,CN1CCO[C@@H](CN)[C@@H]1c1cnn(C)c1,C#CC[C@@H](CC(=O)N[Dy])Nc1nc(NCc2c(F)cccc2N2CCCC2)nc(NC[C@@H]2OCCN(C)[C@H]2c2cnn(C)c2)n1,BRD4,0
1014508,C#CC[C@@H](CC(=O)O)NC(=O)OCC1c2ccccc2-c2ccccc21,Nc1ccncn1,CC(C)c1nc(N)sc1Br,C#CC[C@@H](CC(=O)N[Dy])Nc1nc(Nc2ccncn2)nc(Nc2nc(C(C)C)c(Br)s2)n1,HSA,0
1010863,C#CC[C@@H](CC(=O)O)NC(=O)OCC1c2ccccc2-c2ccccc21,Nc1ccnc(Cl)n1,NCc1cn2cc(Cl)ccc2n1,C#CC[C@@H](CC(=O)N[Dy])Nc1nc(NCc2cn3cc(Cl)ccc3n2)nc(Nc2ccnc(Cl)n2)n1,HSA,0
429540,C#CC[C@@H](CC(=O)O)NC(=O)OCC1c2ccccc2-c2ccccc21,Cc1cnc(N)s1,CC1CCc2nc(CN)sc2C1,C#CC[C@@H](CC(=O)N[Dy])Nc1nc(NCc2nc3c(s2)CC(C)CC3)nc(Nc2ncc(C)s2)n1,BRD4,0
719328,C#CC[C@@H](CC(=O)O)NC(=O)OCC1c2ccccc2-c2ccccc21,N#Cc1ccnc(N)c1,NCc1noc2c1COCC2,C#CC[C@@H](CC(=O)N[Dy])Nc1nc(NCc2noc3c2COCC3)nc(Nc2cc(C#N)ccn2)n1,BRD4,0
87395,C#CC[C@@H](CC(=O)O)NC(=O)OCC1c2ccccc2-c2ccccc21,CC1CN(S(=O)(=O)CCN)CC(C)O1,Cc1ccc(F)c(N)c1,C#CC[C@@H](CC(=O)N[Dy])Nc1nc(NCCS(=O)(=O)N2CC(C)OC(C)C2)nc(Nc2cc(C)ccc2F)n1,sEH,0
69537,C#CC[C@@H](CC(=O)O)NC(=O)OCC1c2ccccc2-c2ccccc21,CC1(C)CC(CCN)C(=O)N1.Cl,COC1(CN)CCC1,C#CC[C@@H](CC(=O)N[Dy])Nc1nc(NCCC2CC(C)(C)NC2=O)nc(NCC2(OC)CCC2)n1,BRD4,0
395593,C#CC[C@@H](CC(=O)O)NC(=O)OCC1c2ccccc2-c2ccccc21,Cc1ccc(N)cc1Br,CC1CCc2nc(CN)sc2C1,C#CC[C@@H](CC(=O)N[Dy])Nc1nc(NCc2nc3c(s2)CC(C)CC3)nc(Nc2ccc(C)c(Br)c2)n1,HSA,0
855628,C#CC[C@@H](CC(=O)O)NC(=O)OCC1c2ccccc2-c2ccccc21,Nc1cc(Cl)c([N+](=O)[O-])cn1,CCOC(=O)c1nonc1N,C#CC[C@@H](CC(=O)N[Dy])Nc1nc(Nc2cc(Cl)c([N+](=O)[O-])cn2)nc(Nc2nonc2C(=O)OCC)n1,HSA,0
1023497,C#CC[C@@H](CC(=O)O)NC(=O)OCC1c2ccccc2-c2ccccc21,Nc1cnc(Cl)nc1,Cl.NC1CCC(=O)CC1,C#CC[C@@H](CC(=O)N[Dy])Nc1nc(Nc2cnc(Cl)nc2)nc(NC2CCC(=O)CC2)n1,sEH,0
732543,C#CC[C@@H](CC(=O)O)NC(=O)OCC1c2ccccc2-c2ccccc21,NCC1(C2CC2)CCCO1,Cl.Cl.NCc1ncccc1F,C#CC[C@@H](CC(=O)N[Dy])Nc1nc(NCc2ncccc2F)nc(NCC2(C3CC3)CCCO2)n1,BRD4,0
324358,C#CC[C@@H](CC(=O)O)NC(=O)OCC1c2ccccc2-c2ccccc21,CSSCCN.Cl,Cc1cccc2sc(N)nc12,C#CC[C@@H](CC(=O)N[Dy])Nc1nc(NCCSSC)nc(Nc2nc3c(C)cccc3s2)n1,HSA,0
143043,C#CC[C@@H](CC(=O)O)NC(=O)OCC1c2ccccc2-c2ccccc21,CN(C)c1ncccc1CN.Cl.Cl,Cc1c(N)cccc1Br,C#CC[C@@H](CC(=O)N[Dy])Nc1nc(NCc2cccnc2N(C)C)nc(Nc2cccc(Br)c2C)n1,BRD4,0
1007060,C#CC[C@@H](CC(=O)O)NC(=O)OCC1c2ccccc2-c2ccccc21,Nc1cccnc1[N+](=O)[O-],Nc1nc(-c2ccccc2Cl)cs1,C#CC[C@@H](CC(=O)N[Dy])Nc1nc(Nc2nc(-c3ccccc3Cl)cs2)nc(Nc2cccnc2[N+](=O)[O-])n1,sEH,0
517771,C#CC[C@@H](CC(=O)O)NC(=O)OCC1c2ccccc2-c2ccccc21,Cl.Cl.NCc1nc2cnccc2s1,Cc1nnc(N)o1,C#CC[C@@H](CC(=O)N[Dy])Nc1nc(NCc2nc3cnccc3s2)nc(Nc2nnc(C)o2)n1,HSA,0
587325,C#CC[C@@H](CC(=O)O)NC(=O)OCC1c2ccccc2-c2ccccc21,Cl.NCCC1CC1,Cl.Cl.NCc1nnc(C2CCOC2)[nH]1,C#CC[C@@H](CC(=O)N[Dy])Nc1nc(NCCC2CC2)nc(NCc2nnc(C3CCOC3)[nH]2)n1,BRD4,0
977494,C#CC[C@@H](CC(=O)O)NC(=O)OCC1c2ccccc2-c2ccccc21,Nc1ccc2nsnc2c1,NCCOc1cccnc1,C#CC[C@@H](CC(=O)N[Dy])Nc1nc(NCCOc2cccnc2)nc(Nc2ccc3nsnc3c2)n1,HSA,0
363275,C#CC[C@@H](CC(=O)O)NC(=O)OCC1c2ccccc2-c2ccccc21,Cc1cc(N)ccc1Cl,COc1cc(C)c(N)cn1,C#CC[C@@H](CC(=O)N[Dy])Nc1nc(Nc2ccc(Cl)c(C)c2)nc(Nc2cnc(OC)cc2C)n1,sEH,0
683020,C#CC[C@@H](CC(=O)O)NC(=O)OCC1c2ccccc2-c2ccccc21,Cl.Nc1cccc2c(=O)cc(-c3nn[nH]n3)oc12,Cl.NCC1CCOCC12CCCC2,C#CC[C@@H](CC(=O)N[Dy])Nc1nc(NCC2CCOCC23CCCC3)nc(Nc2cccc3c(=O)cc(-c4nn[nH]n4)oc23)n1,HSA,0
741637,C#CC[C@@H](CC(=O)O)NC(=O)OCC1c2ccccc2-c2ccccc21,NCC1(O)CC1,CCc1cc(N)n[nH]1,C#CC[C@@H](CC(=O)N[Dy])Nc1nc(NCC2(O)CC2)nc(Nc2cc(CC)[nH]n2)n1,HSA,0
294075,C#CC[C@@H](CC(=O)O)NC(=O)OCC1c2ccccc2-c2ccccc21,COc1cnc(N)nc1,CN(C)c1cccnc1CN,C#CC[C@@H](CC(=O)N[Dy])Nc1nc(NCc2ncccc2N(C)C)nc(Nc2ncc(OC)cn2)n1,BRD4,0
764501,C#CC[C@@H](CC(=O)O)NC(=O)OCC1c2ccccc2-c2ccccc21,NCCC(O)C1CCCC1,Cc1cc2cc(CN)ccc2[nH]1,C#CC[C@@H](CC(=O)N[Dy])Nc1nc(NCCC(O)C2CCCC2)nc(NCc2ccc3[nH]c(C)cc3c2)n1,sEH,1
81558,C#CC[C@@H](CC(=O)O)NC(=O)OCC1c2ccccc2-c2ccccc21,CC12CCC(CN)(C1)OC2.Cl,Cl.NCCC(=O)NCc1ccccc1,C#CC[C@@H](CC(=O)N[Dy])Nc1nc(NCCC(=O)NCc2ccccc2)nc(NCC23CCC(C)(CO2)C3)n1,BRD4,0
943230,C#CC[C@@H](CC(=O)O)NC(=O)OCC1c2ccccc2-c2ccccc21,Nc1ccc([N+](=O)[O-])c(C(F)(F)F)c1,NCCc1ccc(N2CCOCC2)c(F)c1,C#CC[C@@H](CC(=O)N[Dy])Nc1nc(NCCc2ccc(N3CCOCC3)c(F)c2)nc(Nc2ccc([N+](=O)[O-])c(C(F)(F)F)c2)n1,BRD4,0
533589,C#CC[C@@H](CC(=O)O)NC(=O)OCC1c2ccccc2-c2ccccc21,Cl.Cn1cc(N)ccc1=O,NCC1(c2ccc3c(c2)OCO3)CCCCC1,C#CC[C@@H](CC(=O)N[Dy])Nc1nc(NCC2(c3ccc4c(c3)OCO4)CCCCC2)nc(Nc2ccc(=O)n(C)c2)n1,BRD4,1
4423,C#CC[C@@H](CC(=O)O)NC(=O)OCC1c2ccccc2-c2ccccc21,C#Cc1ccc(N)cc1,Cc1nc(N)ccc1Cl,C#CC[C@@H](CC(=O)N[Dy])Nc1nc(Nc2ccc(C#C)cc2)nc(Nc2ccc(Cl)c(C)n2)n1,HSA,0
270699,C#CC[C@@H](CC(=O)O)NC(=O)OCC1c2ccccc2-c2ccccc21,COc1ccc(N)cc1[N+](=O)[O-],COc1nc(C)ccc1CN,C#CC[C@@H](CC(=O)N[Dy])Nc1nc(NCc2ccc(C)nc2OC)nc(Nc2ccc(OC)c([N+](=O)[O-])c2)n1,BRD4,0
357566,C#CC[C@@H](CC(=O)O)NC(=O)OCC1c2ccccc2-c2ccccc21,Cc1cc(F)ncc1CN,CC(C)CC(C)(CN)NC(=O)c1cc(Cl)c(Cl)[nH]1.Cl,C#CC[C@@H](CC(=O)N[Dy])Nc1nc(NCc2cnc(F)cc2C)nc(NCC(C)(CC(C)C)NC(=O)c2cc(Cl)c(Cl)[nH]2)n1,sEH,0
996992,C#CC[C@@H](CC(=O)O)NC(=O)OCC1c2ccccc2-c2ccccc21,Nc1cccc2ncccc12,Cl.Cl.NCc1cncc(F)c1,C#CC[C@@H](CC(=O)N[Dy])Nc1nc(NCc2cncc(F)c2)nc(Nc2cccc3ncccc23)n1,sEH,1
19056,C#CC[C@@H](CC(=O)O)NC(=O)OCC1c2ccccc2-c2ccccc21,C=CCSCCN,COc1ccc(C(CN)N2CCOCC2)cc1OC,C#CC[C@@H](CC(=O)N[Dy])Nc1nc(NCCSCC=C)nc(NCC(c2ccc(OC)c(OC)c2)N2CCOCC2)n1,BRD4,0
209369,C#CC[C@@H](CC(=O)O)NC(=O)OCC1c2ccccc2-c2ccccc21,COC(CN)C1CCCOC1,COC(=O)c1nccnc1N,C#CC[C@@H](CC(=O)N[Dy])Nc1nc(NCC(OC)C2CCCOC2)nc(Nc2nccnc2C(=O)OC)n1,sEH,0
77487,C#CC[C@@H](CC(=O)O)NC(=O)OCC1c2ccccc2-c2ccccc21,CC1(CCCCN)OCCO1,Nc1cccc2c1CN(C1CCC(=O)NC1=O)C2=O,C#CC[C@@H](CC(=O)N[Dy])Nc1nc(NCCCCC2(C)OCCO2)nc(Nc2cccc3c2CN(C2CCC(=O)NC2=O)C3=O)n1,BRD4,0
511754,C#CC[C@@H](CC(=O)O)NC(=O)OCC1c2ccccc2-c2ccccc21,Cl.Cl.NCc1cnsc1,CC1(C)OB(c2ccc(N)cc2)OC1(C)C,C#CC[C@@H](CC(=O)N[Dy])Nc1nc(NCc2cnsc2)nc(Nc2ccc(B3OC(C)(C)C(C)(C)O3)cc2)n1,sEH,0
850056,C#CC[C@@H](CC(=O)O)NC(=O)OCC1c2ccccc2-c2ccccc21,Nc1cc(C(F)(F)F)cc(C(F)(F)F)c1,Cl.Cl.NCC(O)c1ccncc1,C#CC[C@@H](CC(=O)N[Dy])Nc1nc(NCC(O)c2ccncc2)nc(Nc2cc(C(F)(F)F)cc(C(F)(F)F)c2)n1,BRD4,0
960276,C#CC[C@@H](CC(=O)O)NC(=O)OCC1c2ccccc2-c2ccccc21,Nc1ccc2c(c1)CNCC2,CCOC(=O)c1cncnc1N,C#CC[C@@H](CC(=O)N[Dy])Nc1nc(Nc2ccc3c(c2)CNCC3)nc(Nc2ncncc2C(=O)OCC)n1,BRD4,0
164358,C#CC[C@@H](CC(=O)O)NC(=O)OCC1c2ccccc2-c2ccccc21,CN1CCO[C@@H](CN)[C@@H]1c1cnn(C)c1,Nc1ccc(Cl)nc1,C#CC[C@@H](CC(=O)N[Dy])Nc1nc(NC[C@@H]2OCCN(C)[C@H]2c2cnn(C)c2)nc(Nc2ccc(Cl)nc2)n1,BRD4,0
359223,C#CC[C@@H](CC(=O)O)NC(=O)OCC1c2ccccc2-c2ccccc21,Cc1cc(F)ncc1CN,NCc1ccc(CN2CCCC2=O)cc1,C#CC[C@@H](CC(=O)N[Dy])Nc1nc(NCc2ccc(CN3CCCC3=O)cc2)nc(NCc2cnc(F)cc2C)n1,BRD4,0
278360,C#CC[C@@H](CC(=O)O)NC(=O)OCC1c2ccccc2-c2ccccc21,COc1ccc([N+](=O)[O-])c(N)n1,CC(C)(C)OC(=O)N1Cc2c(N)n[nH]c2C1(C)C,C#CC[C@@H](CC(=O)N[Dy])Nc1nc(Nc2nc(OC)ccc2[N+](=O)[O-])nc(Nc2n[nH]c3c2CN(C(=O)OC(C)(C)C)C3(C)C)n1,sEH,0
135834,C#CC[C@@H](CC(=O)O)NC(=O)OCC1c2ccccc2-c2ccccc21,CCSCCN.Cl,Nc1c(O)ncnc1O,C#CC[C@@H](CC(=O)N[Dy])Nc1nc(NCCSCC)nc(Nc2c(O)ncnc2O)n1,BRD4,0
815051,C#CC[C@@H](CC(=O)O)NC(=O)OCC1c2ccccc2-c2ccccc21,NCc1cccc(C(F)(F)F)n1,NCc1cccc2c1OCO2,C#CC[C@@H](CC(=O)N[Dy])Nc1nc(NCc2cccc(C(F)(F)F)n2)nc(NCc2cccc3c2OCO3)n1,sEH,0
540022,C#CC[C@@H](CC(=O)O)NC(=O)OCC1c2ccccc2-c2ccccc21,Cl.N#Cc1ccc(CN)nc1,Cl.NCC1(O)C2C3CC4C5C3CC2C5C41,C#CC[C@@H](CC(=O)N[Dy])Nc1nc(NCc2ccc(C#N)cn2)nc(NCC2(O)C3C4CC5C6C4CC3C6C52)n1,HSA,0
935868,C#CC[C@@H](CC(=O)O)NC(=O)OCC1c2ccccc2-c2ccccc21,Nc1ccc(O)cn1,Cn1nccc1CN1C[C@@H](F)C[C@H]1CN,C#CC[C@@H](CC(=O)N[Dy])Nc1nc(NC[C@@H]2C[C@H](F)CN2Cc2ccnn2C)nc(Nc2ccc(O)cn2)n1,BRD4,0
830130,C#CC[C@@H](CC(=O)O)NC(=O)OCC1c2ccccc2-c2ccccc21,NCc1cccnc1N1CCC(C(N)=O)CC1,Nc1ccc2c(c1)CCC2=O,C#CC[C@@H](CC(=O)N[Dy])Nc1nc(NCc2cccnc2N2CCC(C(N)=O)CC2)nc(Nc2ccc3c(c2)CCC3=O)n1,BRD4,0
280497,C#CC[C@@H](CC(=O)O)NC(=O)OCC1c2ccccc2-c2ccccc21,COc1cccc(-c2cc(N)on2)c1,Nc1ccc2c(c1)oc1ccccc12,C#CC[C@@H](CC(=O)N[Dy])Nc1nc(Nc2ccc3c(c2)oc2ccccc23)nc(Nc2cc(-c3cccc(OC)c3)no2)n1,BRD4,0
283081,C#CC[C@@H](CC(=O)O)NC(=O)OCC1c2ccccc2-c2ccccc21,COc1cccc(N)c1F,Cc1cc2cc(CN)ccc2[nH]1,C#CC[C@@H](CC(=O)N[Dy])Nc1nc(NCc2ccc3[nH]c(C)cc3c2)nc(Nc2cccc(OC)c2F)n1,HSA,1
704779,C#CC[C@@H](CC(=O)O)NC(=O)OCC1c2ccccc2-c2ccccc21,N#Cc1cc(N)ccc1Cl,C=CCSCCN,C#CC[C@@H](CC(=O)N[Dy])Nc1nc(NCCSCC=C)nc(Nc2ccc(Cl)c(C#N)c2)n1,HSA,0
825662,C#CC[C@@H](CC(=O)O)NC(=O)OCC1c2ccccc2-c2ccccc21,NCc1ccccn1,Nc1ccc(CC2COC(=O)N2)cc1,C#CC[C@@H](CC(=O)N[Dy])Nc1nc(NCc2ccccn2)nc(Nc2ccc(CC3COC(=O)N3)cc2)n1,sEH,0
31982,C#CC[C@@H](CC(=O)O)NC(=O)OCC1c2ccccc2-c2ccccc21,CC(C)(C)OC(=O)N1CCN(c2ccccc2N)CC1,COc1cccc(N)n1,C#CC[C@@H](CC(=O)N[Dy])Nc1nc(Nc2cccc(OC)n2)nc(Nc2ccccc2N2CCN(C(=O)OC(C)(C)C)CC2)n1,sEH,0
663017,C#CC[C@@H](CC(=O)O)NC(=O)OCC1c2ccccc2-c2ccccc21,Cl.NCc1csc(=O)[nH]1,CCOC(=O)c1cnc(N)[nH]1,C#CC[C@@H](CC(=O)N[Dy])Nc1nc(NCc2csc(=O)[nH]2)nc(Nc2ncc(C(=O)OCC)[nH]2)n1,sEH,0
161284,C#CC[C@@H](CC(=O)O)NC(=O)OCC1c2ccccc2-c2ccccc21,CN1CCN(Cc2ccccc2N)CC1,Nc1ccc2ncccc2c1,C#CC[C@@H](CC(=O)N[Dy])Nc1nc(Nc2ccc3ncccc3c2)nc(Nc2ccccc2CN2CCN(C)CC2)n1,HSA,0
964060,C#CC[C@@H](CC(=O)O)NC(=O)OCC1c2ccccc2-c2ccccc21,Nc1ccc2c(c1)OCCCO2,COC(=O)c1cc(Cl)nc(Cl)c1N,C#CC[C@@H](CC(=O)N[Dy])Nc1nc(Nc2ccc3c(c2)OCCCO3)nc(Nc2c(C(=O)OC)cc(Cl)nc2Cl)n1,HSA,1
287833,C#CC[C@@H](CC(=O)O)NC(=O)OCC1c2ccccc2-c2ccccc21,COc1ccccc1OCCCCN,Nc1c(O)ncnc1O,C#CC[C@@H](CC(=O)N[Dy])Nc1nc(NCCCCOc2ccccc2OC)nc(Nc2c(O)ncnc2O)n1,HSA,1
5802,C#CC[C@@H](CC(=O)O)NC(=O)OCC1c2ccccc2-c2ccccc21,C#Cc1ccc(N)cc1,Nc1noc2ccc(F)cc12,C#CC[C@@H](CC(=O)N[Dy])Nc1nc(Nc2ccc(C#C)cc2)nc(Nc2noc3ccc(F)cc23)n1,BRD4,0
961237,C#CC[C@@H](CC(=O)O)NC(=O)OCC1c2ccccc2-c2ccccc21,Nc1ccc2c(c1)CNCC2,Cl.Cl.NCc1nccc2[nH]ccc12,C#CC[C@@H](CC(=O)N[Dy])Nc1nc(NCc2nccc3[nH]ccc23)nc(Nc2ccc3c(c2)CNCC3)n1,HSA,0
716079,C#CC[C@@H](CC(=O)O)NC(=O)OCC1c2ccccc2-c2ccccc21,N#Cc1ccccc1N,Nc1cccc2c1C(=O)N(C1CCC(=O)NC1=O)C2=O,C#CC[C@@H](CC(=O)N[Dy])Nc1nc(Nc2ccccc2C#N)nc(Nc2cccc3c2C(=O)N(C2CCC(=O)NC2=O)C3=O)n1,BRD4,0
751681,C#CC[C@@H](CC(=O)O)NC(=O)OCC1c2ccccc2-c2ccccc21,NCC12CCCC(CO1)C2,Cn1nccc1N,C#CC[C@@H](CC(=O)N[Dy])Nc1nc(NCC23CCCC(CO2)C3)nc(Nc2ccnn2C)n1,HSA,0
835084,C#CC[C@@H](CC(=O)O)NC(=O)OCC1c2ccccc2-c2ccccc21,NCc1ccncn1,Cl.Cl.NCc1cc(Br)cc2cccnc12,C#CC[C@@H](CC(=O)N[Dy])Nc1nc(NCc2ccncn2)nc(NCc2cc(Br)cc3cccnc23)n1,HSA,0
297613,C#CC[C@@H](CC(=O)O)NC(=O)OCC1c2ccccc2-c2ccccc21,COc1cncc(N)n1,NCc1ccc(Oc2cccnc2)c(F)c1,C#CC[C@@H](CC(=O)N[Dy])Nc1nc(NCc2ccc(Oc3cccnc3)c(F)c2)nc(Nc2cncc(OC)n2)n1,HSA,1
382040,C#CC[C@@H](CC(=O)O)NC(=O)OCC1c2ccccc2-c2ccccc21,Cc1cc(N)on1,Cl.NCCOc1ccc(F)c(F)c1,C#CC[C@@H](CC(=O)N[Dy])Nc1nc(NCCOc2ccc(F)c(F)c2)nc(Nc2cc(C)no2)n1,sEH,0
37435,C#CC[C@@H](CC(=O)O)NC(=O)OCC1c2ccccc2-c2ccccc21,CC(C)(C)c1ccc(O)c(N)c1,Nc1nc(Cl)c2cn[nH]c2n1,C#CC[C@@H](CC(=O)N[Dy])Nc1nc(Nc2nc(Cl)c3cn[nH]c3n2)nc(Nc2cc(C(C)(C)C)ccc2O)n1,HSA,0
773883,C#CC[C@@H](CC(=O)O)NC(=O)OCC1c2ccccc2-c2ccccc21,NCCCCN1CCCC1,CSCc1nnc(CN)[nH]1.Cl,C#CC[C@@H](CC(=O)N[Dy])Nc1nc(NCCCCN2CCCC2)nc(NCc2nnc(CSC)[nH]2)n1,BRD4,0
124156,C#CC[C@@H](CC(=O)O)NC(=O)OCC1c2ccccc2-c2ccccc21,CCON(CC)C(=O)CN.Cl,CN(CCN)C1CCOCC1,C#CC[C@@H](CC(=O)N[Dy])Nc1nc(NCCN(C)C2CCOCC2)nc(NCC(=O)N(CC)OCC)n1,HSA,0
209667,C#CC[C@@H](CC(=O)O)NC(=O)OCC1c2ccccc2-c2ccccc21,COC(CN)C1CCCOC1,Cc1sc(CN)nc1C(C)C,C#CC[C@@H](CC(=O)N[Dy])Nc1nc(NCc2nc(C(C)C)c(C)s2)nc(NCC(OC)C2CCCOC2)n1,BRD4,0
111480,C#CC[C@@H](CC(=O)O)NC(=O)OCC1c2ccccc2-c2ccccc21,CCOC(=O)c1cnc(SC)nc1N,Nc1ccccc1-c1nnn[nH]1,C#CC[C@@H](CC(=O)N[Dy])Nc1nc(Nc2ccccc2-c2nnn[nH]2)nc(Nc2nc(SC)ncc2C(=O)OCC)n1,BRD4,0
885234,C#CC[C@@H](CC(=O)O)NC(=O)OCC1c2ccccc2-c2ccccc21,Nc1ccc(-c2ncc[nH]2)cc1,Cn1nccc1CN,C#CC[C@@H](CC(=O)N[Dy])Nc1nc(NCc2ccnn2C)nc(Nc2ccc(-c3ncc[nH]3)cc2)n1,BRD4,0
351409,C#CC[C@@H](CC(=O)O)NC(=O)OCC1c2ccccc2-c2ccccc21,Cc1cc(CN)cc(Cl)n1.Cl.Cl,CCOC(=O)c1cc(N)[nH]n1,C#CC[C@@H](CC(=O)N[Dy])Nc1nc(NCc2cc(C)nc(Cl)c2)nc(Nc2cc(C(=O)OCC)n[nH]2)n1,HSA,0
476743,C#CC[C@@H](CC(=O)O)NC(=O)OCC1c2ccccc2-c2ccccc21,Cl.Cl.NCCCN1CCNC(=O)C1,Cl.NCC12CC3CC(CC(C3)C1)C2,C#CC[C@@H](CC(=O)N[Dy])Nc1nc(NCCCN2CCNC(=O)C2)nc(NCC23CC4CC(CC(C4)C2)C3)n1,HSA,0
994109,C#CC[C@@H](CC(=O)O)NC(=O)OCC1c2ccccc2-c2ccccc21,Nc1cccc2cnccc12,COc1cc2nc(Cl)nc(N)c2cc1OC,C#CC[C@@H](CC(=O)N[Dy])Nc1nc(Nc2cccc3cnccc23)nc(Nc2nc(Cl)nc3cc(OC)c(OC)cc23)n1,sEH,0
266317,C#CC[C@@H](CC(=O)O)NC(=O)OCC1c2ccccc2-c2ccccc21,COc1ccc(N)c(Cl)c1,NCCS(=O)Cc1ccccc1,C#CC[C@@H](CC(=O)N[Dy])Nc1nc(NCCS(=O)Cc2ccccc2)nc(Nc2ccc(OC)cc2Cl)n1,HSA,0
418174,C#CC[C@@H](CC(=O)O)NC(=O)OCC1c2ccccc2-c2ccccc21,Cc1ccncc1N,CCOC(=O)c1cc(N)[nH]n1,C#CC[C@@H](CC(=O)N[Dy])Nc1nc(Nc2cc(C(=O)OCC)n[nH]2)nc(Nc2cnccc2C)n1,HSA,1
426868,C#CC[C@@H](CC(=O)O)NC(=O)OCC1c2ccccc2-c2ccccc21,Cc1cnc(Cl)nc1N,Nc1ccncn1,C#CC[C@@H](CC(=O)N[Dy])Nc1nc(Nc2ccncn2)nc(Nc2nc(Cl)ncc2C)n1,HSA,0
915380,C#CC[C@@H](CC(=O)O)NC(=O)OCC1c2ccccc2-c2ccccc21,Nc1ccc(F)cc1F,Cc1cnc(CN)s1,C#CC[C@@H](CC(=O)N[Dy])Nc1nc(NCc2ncc(C)s2)nc(Nc2ccc(F)cc2F)n1,sEH,0
506182,C#CC[C@@H](CC(=O)O)NC(=O)OCC1c2ccccc2-c2ccccc21,Cl.Cl.NCc1ccncc1C(F)(F)F,Nc1nc(OCc2ccccc2)c2nc[nH]c2n1,C#CC[C@@H](CC(=O)N[Dy])Nc1nc(NCc2ccncc2C(F)(F)F)nc(Nc2nc(OCc3ccccc3)c3nc[nH]c3n2)n1,HSA,0
328249,C#CC[C@@H](CC(=O)O)NC(=O)OCC1c2ccccc2-c2ccccc21,CSc1ccc(CN)o1.Cl,Cl.NCC1(OCCO)CCS(=O)(=O)C1,C#CC[C@@H](CC(=O)N[Dy])Nc1nc(NCc2ccc(SC)o2)nc(NCC2(OCCO)CCS(=O)(=O)C2)n1,HSA,0
856210,C#CC[C@@H](CC(=O)O)NC(=O)OCC1c2ccccc2-c2ccccc21,Nc1cc(Cl)c([N+](=O)[O-])cn1,NCc1nc2c(s1)CCCCC2,C#CC[C@@H](CC(=O)N[Dy])Nc1nc(NCc2nc3c(s2)CCCCC3)nc(Nc2cc(Cl)c([N+](=O)[O-])cn2)n1,HSA,0
96772,C#CC[C@@H](CC(=O)O)NC(=O)OCC1c2ccccc2-c2ccccc21,CCC(CN)Oc1ccccc1C.Cl,Nc1ncc[nH]c1=O,C#CC[C@@H](CC(=O)N[Dy])Nc1nc(NCC(CC)Oc2ccccc2C)nc(Nc2ncc[nH]c2=O)n1,HSA,0
550753,C#CC[C@@H](CC(=O)O)NC(=O)OCC1c2ccccc2-c2ccccc21,Cl.NCC(F)(F)CC1CC1,CCS(=O)CCN.Cl,C#CC[C@@H](CC(=O)N[Dy])Nc1nc(NCCS(=O)CC)nc(NCC(F)(F)CC2CC2)n1,HSA,0
523381,C#CC[C@@H](CC(=O)O)NC(=O)OCC1c2ccccc2-c2ccccc21,Cl.Cl.NCc1nccn1-c1ccccc1,CCOC(=O)c1sc(N)nc1C,C#CC[C@@H](CC(=O)N[Dy])Nc1nc(NCc2nccn2-c2ccccc2)nc(Nc2nc(C)c(C(=O)OCC)s2)n1,HSA,0
404613,C#CC[C@@H](CC(=O)O)NC(=O)OCC1c2ccccc2-c2ccccc21,Cc1ccc2cccc(N)c2n1,Nc1ccnc(Cl)n1,C#CC[C@@H](CC(=O)N[Dy])Nc1nc(Nc2ccnc(Cl)n2)nc(Nc2cccc3ccc(C)nc23)n1,BRD4,0
491229,C#CC[C@@H](CC(=O)O)NC(=O)OCC1c2ccccc2-c2ccccc21,Cl.Cl.NC[C@@H]1CCO[C@H]1c1cn[nH]c1,Nc1n[nH]c2ncccc12,C#CC[C@@H](CC(=O)N[Dy])Nc1nc(NC[C@@H]2CCO[C@H]2c2cn[nH]c2)nc(Nc2n[nH]c3ncccc23)n1,BRD4,0
560570,C#CC[C@@H](CC(=O)O)NC(=O)OCC1c2ccccc2-c2ccccc21,Cl.NCC1CC(=O)N(Cc2ccccc2)C1,NCc1nc(-c2ccsc2)no1,C#CC[C@@H](CC(=O)N[Dy])Nc1nc(NCc2nc(-c3ccsc3)no2)nc(NCC2CC(=O)N(Cc3ccccc3)C2)n1,sEH,0
187565,C#CC[C@@H](CC(=O)O)NC(=O)OCC1c2ccccc2-c2ccccc21,COC(=O)c1ccc(N)cc1O,Nc1cc(C(F)(F)F)cnc1Cl,C#CC[C@@H](CC(=O)N[Dy])Nc1nc(Nc2ccc(C(=O)OC)c(O)c2)nc(Nc2cc(C(F)(F)F)cnc2Cl)n1,sEH,0
773437,C#CC[C@@H](CC(=O)O)NC(=O)OCC1c2ccccc2-c2ccccc21,NCCCCN1CCCC1,CCOC(=O)c1c[nH]nc1N,C#CC[C@@H](CC(=O)N[Dy])Nc1nc(NCCCCN2CCCC2)nc(Nc2n[nH]cc2C(=O)OCC)n1,HSA,0
655532,C#CC[C@@H](CC(=O)O)NC(=O)OCC1c2ccccc2-c2ccccc21,Cl.NCc1cnc(Cl)s1,COc1nc(C)ccc1CN,C#CC[C@@H](CC(=O)N[Dy])Nc1nc(NCc2cnc(Cl)s2)nc(NCc2ccc(C)nc2OC)n1,sEH,0
559915,C#CC[C@@H](CC(=O)O)NC(=O)OCC1c2ccccc2-c2ccccc21,Cl.NCC1CC(=O)N(Cc2ccccc2)C1,COC(=O)c1nc(N)sc1Br,C#CC[C@@H](CC(=O)N[Dy])Nc1nc(NCC2CC(=O)N(Cc3ccccc3)C2)nc(Nc2nc(C(=O)OC)c(Br)s2)n1,HSA,0
281660,C#CC[C@@H](CC(=O)O)NC(=O)OCC1c2ccccc2-c2ccccc21,COc1cccc(F)c1CN,Cn1c(N)cc(=O)n(C)c1=O,C#CC[C@@H](CC(=O)N[Dy])Nc1nc(NCc2c(F)cccc2OC)nc(Nc2cc(=O)n(C)c(=O)n2C)n1,sEH,0
152530,C#CC[C@@H](CC(=O)O)NC(=O)OCC1c2ccccc2-c2ccccc21,CN1CCN(C(=O)CCN)CC1,NCC1(c2ccc3c(c2)OCO3)CCCCC1,C#CC[C@@H](CC(=O)N[Dy])Nc1nc(NCCC(=O)N2CCN(C)CC2)nc(NCC2(c3ccc4c(c3)OCO4)CCCCC2)n1,HSA,0
277449,C#CC[C@@H](CC(=O)O)NC(=O)OCC1c2ccccc2-c2ccccc21,COc1ccc(OC)c(N)c1,Cc1cc(N)cc(Cl)c1,C#CC[C@@H](CC(=O)N[Dy])Nc1nc(Nc2cc(C)cc(Cl)c2)nc(Nc2cc(OC)ccc2OC)n1,BRD4,0
723587,C#CC[C@@H](CC(=O)O)NC(=O)OCC1c2ccccc2-c2ccccc21,NC/C=C/Br,Cn1cc(CN)cn1,C#CC[C@@H](CC(=O)N[Dy])Nc1nc(NC/C=C/Br)nc(NCc2cnn(C)c2)n1,sEH,0
951339,C#CC[C@@H](CC(=O)O)NC(=O)OCC1c2ccccc2-c2ccccc21,Nc1ccc2[nH]ncc2c1,Nc1cc[nH]c(=O)c1,C#CC[C@@H](CC(=O)N[Dy])Nc1nc(Nc2cc[nH]c(=O)c2)nc(Nc2ccc3[nH]ncc3c2)n1,BRD4,0
758818,C#CC[C@@H](CC(=O)O)NC(=O)OCC1c2ccccc2-c2ccccc21,NCC1CCN(c2ccncc2)CC1,Cc1ccc(C)c(CN)n1,C#CC[C@@H](CC(=O)N[Dy])Nc1nc(NCc2nc(C)ccc2C)nc(NCC2CCN(c3ccncc3)CC2)n1,HSA,0
53210,C#CC[C@@H](CC(=O)O)NC(=O)OCC1c2ccccc2-c2ccccc21,CC(CN)N1CCC1,COc1ccc(N)cc1Cl.Cl,C#CC[C@@H](CC(=O)N[Dy])Nc1nc(NCC(C)N2CCC2)nc(Nc2ccc(OC)c(Cl)c2)n1,sEH,0
827202,C#CC[C@@H](CC(=O)O)NC(=O)OCC1c2ccccc2-c2ccccc21,NCc1cccnc1,Cl.NCC(F)(F)CC1CC1,C#CC[C@@H](CC(=O)N[Dy])Nc1nc(NCc2cccnc2)nc(NCC(F)(F)CC2CC2)n1,BRD4,0
539781,C#CC[C@@H](CC(=O)O)NC(=O)OCC1c2ccccc2-c2ccccc21,Cl.N#Cc1ccc(CN)nc1,Cc1nc(CN)oc1C.Cl.Cl,C#CC[C@@H](CC(=O)N[Dy])Nc1nc(NCc2ccc(C#N)cn2)nc(NCc2nc(C)c(C)o2)n1,BRD4,0
38878,C#CC[C@@H](CC(=O)O)NC(=O)OCC1c2ccccc2-c2ccccc21,CC(C)(C)c1nnc(CN)s1.Cl,NCC1CCC2CC2C1,C#CC[C@@H](CC(=O)N[Dy])Nc1nc(NCc2nnc(C(C)(C)C)s2)nc(NCC2CCC3CC3C2)n1,HSA,0
708659,C#CC[C@@H](CC(=O)O)NC(=O)OCC1c2ccccc2-c2ccccc21,N#Cc1cc(N)ccc1F,Nc1cc(Br)ccn1,C#CC[C@@H](CC(=O)N[Dy])Nc1nc(Nc2ccc(F)c(C#N)c2)nc(Nc2cc(Br)ccn2)n1,sEH,0
15746,C#CC[C@@H](CC(=O)O)NC(=O)OCC1c2ccccc2-c2ccccc21,C=CCOC(C)CN,CCOC(=O)c1cnc(N)[nH]1,C#CC[C@@H](CC(=O)N[Dy])Nc1nc(NCC(C)OCC=C)nc(Nc2ncc(C(=O)OCC)[nH]2)n1,sEH,0
469286,C#CC[C@@H](CC(=O)O)NC(=O)OCC1c2ccccc2-c2ccccc21,Cl.Cl.NCC1CCN(CC(F)F)CC1,NCC1(c2ccc(Cl)cc2Cl)CCCC1,C#CC[C@@H](CC(=O)N[Dy])Nc1nc(NCC2CCN(CC(F)F)CC2)nc(NCC2(c3ccc(Cl)cc3Cl)CCCC2)n1,sEH,0
206444,C#CC[C@@H](CC(=O)O)NC(=O)OCC1c2ccccc2-c2ccccc21,COC(C)(CCN)OC,Nc1ccc2c(c1)CNC2=O,C#CC[C@@H](CC(=O)N[Dy])Nc1nc(NCCC(C)(OC)OC)nc(Nc2ccc3c(c2)CNC3=O)n1,sEH,0
811433,C#CC[C@@H](CC(=O)O)NC(=O)OCC1c2ccccc2-c2ccccc21,NCc1cccc(C(=O)N2CCCC2)c1,Nc1cn2nc(Cl)ccc2n1,C#CC[C@@H](CC(=O)N[Dy])Nc1nc(NCc2cccc(C(=O)N3CCCC3)c2)nc(Nc2cn3nc(Cl)ccc3n2)n1,sEH,0
441568,C#CC[C@@H](CC(=O)O)NC(=O)OCC1c2ccccc2-c2ccccc21,Cc1ncccc1N,Cc1nnsc1CN,C#CC[C@@H](CC(=O)N[Dy])Nc1nc(NCc2snnc2C)nc(Nc2cccnc2C)n1,HSA,0
366891,C#CC[C@@H](CC(=O)O)NC(=O)OCC1c2ccccc2-c2ccccc21,Cc1cc(N)ccc1O,COc1nc(C)ccc1CN,C#CC[C@@H](CC(=O)N[Dy])Nc1nc(NCc2ccc(C)nc2OC)nc(Nc2ccc(O)c(C)c2)n1,BRD4,1
642933,C#CC[C@@H](CC(=O)O)NC(=O)OCC1c2ccccc2-c2ccccc21,Cl.NCc1cc(C(F)(F)F)co1,Nc1ccc2nccnc2c1Br,C#CC[C@@H](CC(=O)N[Dy])Nc1nc(NCc2cc(C(F)(F)F)co2)nc(Nc2ccc3nccnc3c2Br)n1,BRD4,0
819128,C#CC[C@@H](CC(=O)O)NC(=O)OCC1c2ccccc2-c2ccccc21,NCc1ccccc1CS(=O)(=O)N1CCOCC1,C=C(C)C(=O)NCCN.Cl,C#CC[C@@H](CC(=O)N[Dy])Nc1nc(NCCNC(=O)C(=C)C)nc(NCc2ccccc2CS(=O)(=O)N2CCOCC2)n1,sEH,0
922332,C#CC[C@@H](CC(=O)O)NC(=O)OCC1c2ccccc2-c2ccccc21,Nc1ccc(N2CCC(N3CCOCC3)CC2)cc1,Cn1cc(CN)cn1,C#CC[C@@H](CC(=O)N[Dy])Nc1nc(NCc2cnn(C)c2)nc(Nc2ccc(N3CCC(N4CCOCC4)CC3)cc2)n1,BRD4,0
311408,C#CC[C@@H](CC(=O)O)NC(=O)OCC1c2ccccc2-c2ccccc21,CS(=O)(=O)Nc1ccc(-c2csc(N)n2)cc1,NCc1ccc(F)nc1,C#CC[C@@H](CC(=O)N[Dy])Nc1nc(NCc2ccc(F)nc2)nc(Nc2nc(-c3ccc(NS(C)(=O)=O)cc3)cs2)n1,sEH,0
638031,C#CC[C@@H](CC(=O)O)NC(=O)OCC1c2ccccc2-c2ccccc21,Cl.NC[C@@H]1CCO[C@@H]1c1nc(C2CC2)no1,NCCc1ccncc1F,C#CC[C@@H](CC(=O)N[Dy])Nc1nc(NCCc2ccncc2F)nc(NC[C@@H]2CCO[C@@H]2c2nc(C3CC3)no2)n1,BRD4,0
939732,C#CC[C@@H](CC(=O)O)NC(=O)OCC1c2ccccc2-c2ccccc21,Nc1ccc(OC(F)F)cc1,Cc1csc(N)n1,C#CC[C@@H](CC(=O)N[Dy])Nc1nc(Nc2ccc(OC(F)F)cc2)nc(Nc2nc(C)cs2)n1,BRD4,0
61037,C#CC[C@@H](CC(=O)O)NC(=O)OCC1c2ccccc2-c2ccccc21,CC(CN)S(N)(=O)=O.Cl,CS(=O)(=O)NC1CCCC1CN.Cl,C#CC[C@@H](CC(=O)N[Dy])Nc1nc(NCC2CCCC2NS(C)(=O)=O)nc(NCC(C)S(N)(=O)=O)n1,sEH,0
367865,C#CC[C@@H](CC(=O)O)NC(=O)OCC1c2ccccc2-c2ccccc21,Cc1cc(N)ccc1O,NCc1ccc2[nH]ccc2c1,C#CC[C@@H](CC(=O)N[Dy])Nc1nc(NCc2ccc3[nH]ccc3c2)nc(Nc2ccc(O)c(C)c2)n1,sEH,0
510410,C#CC[C@@H](CC(=O)O)NC(=O)OCC1c2ccccc2-c2ccccc21,Cl.Cl.NCc1cncc(F)c1,Cc1ccc(C)c(CN)n1,C#CC[C@@H](CC(=O)N[Dy])Nc1nc(NCc2cncc(F)c2)nc(NCc2nc(C)ccc2C)n1,sEH,1
392716,C#CC[C@@H](CC(=O)O)NC(=O)OCC1c2ccccc2-c2ccccc21,Cc1ccc(F)c(N)c1,NCc1cc(C(F)F)on1,C#CC[C@@H](CC(=O)N[Dy])Nc1nc(NCc2cc(C(F)F)on2)nc(Nc2cc(C)ccc2F)n1,HSA,0
564301,C#CC[C@@H](CC(=O)O)NC(=O)OCC1c2ccccc2-c2ccccc21,Cl.NCC1CC(CC(N)=O)CO1,N#Cc1cncnc1N,C#CC[C@@H](CC(=O)N[Dy])Nc1nc(NCC2CC(CC(N)=O)CO2)nc(Nc2ncncc2C#N)n1,HSA,0
86776,C#CC[C@@H](CC(=O)O)NC(=O)OCC1c2ccccc2-c2ccccc21,CC1CN(S(=O)(=O)CCN)CC(C)O1,C=C(C)C(=O)NCCN.Cl,C#CC[C@@H](CC(=O)N[Dy])Nc1nc(NCCNC(=O)C(=C)C)nc(NCCS(=O)(=O)N2CC(C)OC(C)C2)n1,HSA,0
728770,C#CC[C@@H](CC(=O)O)NC(=O)OCC1c2ccccc2-c2ccccc21,NCC(O)COc1cccc(Cl)c1Cl,COc1ccc2nnc(CN)n2n1,C#CC[C@@H](CC(=O)N[Dy])Nc1nc(NCc2nnc3ccc(OC)nn23)nc(NCC(O)COc2cccc(Cl)c2Cl)n1,HSA,0
18613,C#CC[C@@H](CC(=O)O)NC(=O)OCC1c2ccccc2-c2ccccc21,C=CCOCCN,Nc1nc(=O)[nH]cc1Br,C#CC[C@@H](CC(=O)N[Dy])Nc1nc(NCCOCC=C)nc(Nc2nc(=O)[nH]cc2Br)n1,HSA,0
953545,C#CC[C@@H](CC(=O)O)NC(=O)OCC1c2ccccc2-c2ccccc21,Nc1ccc2c(c1)C(O)CCC2,Cc1cc(CN)c(C)[nH]1,C#CC[C@@H](CC(=O)N[Dy])Nc1nc(NCc2cc(C)[nH]c2C)nc(Nc2ccc3c(c2)C(O)CCC3)n1,HSA,0
372531,C#CC[C@@H](CC(=O)O)NC(=O)OCC1c2ccccc2-c2ccccc21,Cc1cc(N)n(-c2ccccc2)n1,Cn1cc(CN)cn1,C#CC[C@@H](CC(=O)N[Dy])Nc1nc(NCc2cnn(C)c2)nc(Nc2cc(C)nn2-c2ccccc2)n1,BRD4,0
750370,C#CC[C@@H](CC(=O)O)NC(=O)OCC1c2ccccc2-c2ccccc21,NCC12CCCC(CO1)C2,CC1(C)CCOC1CCN,C#CC[C@@H](CC(=O)N[Dy])Nc1nc(NCCC2OCCC2(C)C)nc(NCC23CCCC(CO2)C3)n1,HSA,0
630661,C#CC[C@@H](CC(=O)O)NC(=O)OCC1c2ccccc2-c2ccccc21,Cl.NCCc1ccno1,Cc1ccc(S(C)(=O)=O)cc1N,C#CC[C@@H](CC(=O)N[Dy])Nc1nc(NCCc2ccno2)nc(Nc2cc(S(C)(=O)=O)ccc2C)n1,HSA,0
879560,C#CC[C@@H](CC(=O)O)NC(=O)OCC1c2ccccc2-c2ccccc21,Nc1cc(N2CCNCC2)ccc1[N+](=O)[O-],Nc1ccsc1.O=C(O)C(=O)O,C#CC[C@@H](CC(=O)N[Dy])Nc1nc(Nc2ccsc2)nc(Nc2cc(N3CCNCC3)ccc2[N+](=O)[O-])n1,sEH,0
152886,C#CC[C@@H](CC(=O)O)NC(=O)OCC1c2ccccc2-c2ccccc21,CN1CCN(C(=O)CCN)CC1,Nc1ncnc2c1ncn2C1CCCCO1,C#CC[C@@H](CC(=O)N[Dy])Nc1nc(NCCC(=O)N2CCN(C)CC2)nc(Nc2ncnc3c2ncn3C2CCCCO2)n1,BRD4,0
841246,C#CC[C@@H](CC(=O)O)NC(=O)OCC1c2ccccc2-c2ccccc21,Nc1c2c(cc3c1CCC3)CCC2,COc1ccc(N)cc1OC,C#CC[C@@H](CC(=O)N[Dy])Nc1nc(Nc2ccc(OC)c(OC)c2)nc(Nc2c3c(cc4c2CCC4)CCC3)n1,HSA,0
476014,C#CC[C@@H](CC(=O)O)NC(=O)OCC1c2ccccc2-c2ccccc21,Cl.Cl.NCCC(=O)Nc1ccncc1,Nc1nc(=O)[nH]cc1Br,C#CC[C@@H](CC(=O)N[Dy])Nc1nc(NCCC(=O)Nc2ccncc2)nc(Nc2nc(=O)[nH]cc2Br)n1,HSA,0
583573,C#CC[C@@H](CC(=O)O)NC(=O)OCC1c2ccccc2-c2ccccc21,Cl.NCC1Cc2ccccc2NC1=O,Nc1ncnc(=O)[nH]1,C#CC[C@@H](CC(=O)N[Dy])Nc1nc(NCC2Cc3ccccc3NC2=O)nc(Nc2ncnc(=O)[nH]2)n1,HSA,1
428388,C#CC[C@@H](CC(=O)O)NC(=O)OCC1c2ccccc2-c2ccccc21,Cc1cnc(N)cn1,Cl.NC[C@@H]1CCCO1,C#CC[C@@H](CC(=O)N[Dy])Nc1nc(NC[C@@H]2CCCO2)nc(Nc2cnc(C)cn2)n1,BRD4,0
419906,C#CC[C@@H](CC(=O)O)NC(=O)OCC1c2ccccc2-c2ccccc21,Cc1ccncc1N,Nc1n[nH]c2ccc([N+](=O)[O-])cc12,C#CC[C@@H](CC(=O)N[Dy])Nc1nc(Nc2cnccc2C)nc(Nc2n[nH]c3ccc([N+](=O)[O-])cc23)n1,sEH,1
763028,C#CC[C@@H](CC(=O)O)NC(=O)OCC1c2ccccc2-c2ccccc21,NCCC(=O)NC1CCCC1,Cn1ccc(N)n1,C#CC[C@@H](CC(=O)N[Dy])Nc1nc(NCCC(=O)NC2CCCC2)nc(Nc2ccn(C)n2)n1,sEH,0
100056,C#CC[C@@H](CC(=O)O)NC(=O)OCC1c2ccccc2-c2ccccc21,CCN(CCCN)S(C)(=O)=O,Nc1nccc2cccnc12,C#CC[C@@H](CC(=O)N[Dy])Nc1nc(NCCCN(CC)S(C)(=O)=O)nc(Nc2nccc3cccnc23)n1,BRD4,0
249430,C#CC[C@@H](CC(=O)O)NC(=O)OCC1c2ccccc2-c2ccccc21,COc1cc(F)ccc1N,COC(=O)c1ccc(N)cc1O,C#CC[C@@H](CC(=O)N[Dy])Nc1nc(Nc2ccc(C(=O)OC)c(O)c2)nc(Nc2ccc(F)cc2OC)n1,HSA,0
457114,C#CC[C@@H](CC(=O)O)NC(=O)OCC1c2ccccc2-c2ccccc21,Cc1sc(N)c(C#N)c1C,Nc1nc2ccc(Cl)cc2o1,C#CC[C@@H](CC(=O)N[Dy])Nc1nc(Nc2nc3ccc(Cl)cc3o2)nc(Nc2sc(C)c(C)c2C#N)n1,HSA,0
614157,C#CC[C@@H](CC(=O)O)NC(=O)OCC1c2ccccc2-c2ccccc21,Cl.NCCNC(=O)c1ccccc1F,CS(=O)(=O)CC1(CN)CCOCC1.Cl,C#CC[C@@H](CC(=O)N[Dy])Nc1nc(NCCNC(=O)c2ccccc2F)nc(NCC2(CS(C)(=O)=O)CCOCC2)n1,BRD4,0
322983,C#CC[C@@H](CC(=O)O)NC(=O)OCC1c2ccccc2-c2ccccc21,CSCc1nnc(CN)[nH]1.Cl,Cc1cc(CN)c(C)o1,C#CC[C@@H](CC(=O)N[Dy])Nc1nc(NCc2nnc(CSC)[nH]2)nc(NCc2cc(C)oc2C)n1,BRD4,0
597422,C#CC[C@@H](CC(=O)O)NC(=O)OCC1c2ccccc2-c2ccccc21,Cl.NCCCCN1C(=O)c2ccccc2C1=O,Nc1nccc(=O)[nH]1,C#CC[C@@H](CC(=O)N[Dy])Nc1nc(NCCCCN2C(=O)c3ccccc3C2=O)nc(Nc2nccc(=O)[nH]2)n1,sEH,0
318448,C#CC[C@@H](CC(=O)O)NC(=O)OCC1c2ccccc2-c2ccccc21,CS(=O)CC(O)CN.Cl,NCc1ccc(NC(=O)c2ccco2)cc1,C#CC[C@@H](CC(=O)N[Dy])Nc1nc(NCc2ccc(NC(=O)c3ccco3)cc2)nc(NCC(O)CS(C)=O)n1,HSA,0
156257,C#CC[C@@H](CC(=O)O)NC(=O)OCC1c2ccccc2-c2ccccc21,CN1CCN(CCN)CC1,Cl.NCC1CCCC2(CCC2)C1O,C#CC[C@@H](CC(=O)N[Dy])Nc1nc(NCCN2CCN(C)CC2)nc(NCC2CCCC3(CCC3)C2O)n1,sEH,0
916850,C#CC[C@@H](CC(=O)O)NC(=O)OCC1c2ccccc2-c2ccccc21,Nc1ccc(F)cn1,COC1(OC)CC(CN)C1,C#CC[C@@H](CC(=O)N[Dy])Nc1nc(NCC2CC(OC)(OC)C2)nc(Nc2ccc(F)cn2)n1,sEH,0
753495,C#CC[C@@H](CC(=O)O)NC(=O)OCC1c2ccccc2-c2ccccc21,NCC1CCC(C(F)F)CC1,CCSc1ccc(CN)cc1,C#CC[C@@H](CC(=O)N[Dy])Nc1nc(NCc2ccc(SCC)cc2)nc(NCC2CCC(C(F)F)CC2)n1,BRD4,0
468329,C#CC[C@@H](CC(=O)O)NC(=O)OCC1c2ccccc2-c2ccccc21,Cl.Cl.NCC1CCN(CC(F)F)CC1,COC(=O)c1sc(C)cc1N,C#CC[C@@H](CC(=O)N[Dy])Nc1nc(NCC2CCN(CC(F)F)CC2)nc(Nc2cc(C)sc2C(=O)OC)n1,sEH,0
499838,C#CC[C@@H](CC(=O)O)NC(=O)OCC1c2ccccc2-c2ccccc21,Cl.Cl.NCc1ccc2ccccc2n1,Cc1cc2cc(CN)ccc2[nH]1,C#CC[C@@H](CC(=O)N[Dy])Nc1nc(NCc2ccc3[nH]c(C)cc3c2)nc(NCc2ccc3ccccc3n2)n1,sEH,1
855772,C#CC[C@@H](CC(=O)O)NC(=O)OCC1c2ccccc2-c2ccccc21,Nc1cc(Cl)c([N+](=O)[O-])cn1,COc1nc(C)nc(N)n1,C#CC[C@@H](CC(=O)N[Dy])Nc1nc(Nc2cc(Cl)c([N+](=O)[O-])cn2)nc(Nc2nc(C)nc(OC)n2)n1,HSA,0
842902,C#CC[C@@H](CC(=O)O)NC(=O)OCC1c2ccccc2-c2ccccc21,Nc1c2c(cc3c1CCC3)CCC2,Nc1nc[nH]n1,C#CC[C@@H](CC(=O)N[Dy])Nc1nc(Nc2nc[nH]n2)nc(Nc2c3c(cc4c2CCC4)CCC3)n1,HSA,0
945330,C#CC[C@@H](CC(=O)O)NC(=O)OCC1c2ccccc2-c2ccccc21,Nc1ccc([N+](=O)[O-])c(F)c1,Nc1ccnc(-c2ccccc2)c1,C#CC[C@@H](CC(=O)N[Dy])Nc1nc(Nc2ccnc(-c3ccccc3)c2)nc(Nc2ccc([N+](=O)[O-])c(F)c2)n1,BRD4,0
181827,C#CC[C@@H](CC(=O)O)NC(=O)OCC1c2ccccc2-c2ccccc21,COC(=O)c1cc(N)ccc1F,Cc1ccc(O)c(CN)n1.Cl.Cl,C#CC[C@@H](CC(=O)N[Dy])Nc1nc(NCc2nc(C)ccc2O)nc(Nc2ccc(F)c(C(=O)OC)c2)n1,BRD4,1
952249,C#CC[C@@H](CC(=O)O)NC(=O)OCC1c2ccccc2-c2ccccc21,Nc1ccc2c(c1)C(=O)CCC2,Cc1nncn1CCCN.Cl,C#CC[C@@H](CC(=O)N[Dy])Nc1nc(NCCCn2cnnc2C)nc(Nc2ccc3c(c2)C(=O)CCC3)n1,HSA,0
1040582,C#CC[C@@H](CC(=O)O)NC(=O)OCC1c2ccccc2-c2ccccc21,Nc1nc(C2CC2)cs1,Cl.NCC1CCC2(CCC2)CO1,C#CC[C@@H](CC(=O)N[Dy])Nc1nc(NCC2CCC3(CCC3)CO2)nc(Nc2nc(C3CC3)cs2)n1,sEH,0
702675,C#CC[C@@H](CC(=O)O)NC(=O)OCC1c2ccccc2-c2ccccc21,N#Cc1c(N)sc2c1CCCC2,Nc1ccc2nsnc2c1,C#CC[C@@H](CC(=O)N[Dy])Nc1nc(Nc2ccc3nsnc3c2)nc(Nc2sc3c(c2C#N)CCCC3)n1,BRD4,0
712354,C#CC[C@@H](CC(=O)O)NC(=O)OCC1c2ccccc2-c2ccccc21,N#Cc1ccc(N)cc1C(F)(F)F,CC(C)CC(C)(CN)NC(=O)c1cc(Cl)c(Cl)[nH]1.Cl,C#CC[C@@H](CC(=O)N[Dy])Nc1nc(NCC(C)(CC(C)C)NC(=O)c2cc(Cl)c(Cl)[nH]2)nc(Nc2ccc(C#N)c(C(F)(F)F)c2)n1,HSA,0
1047206,C#CC[C@@H](CC(=O)O)NC(=O)OCC1c2ccccc2-c2ccccc21,Nc1nc(Cl)ncc1Cl,NCC1CC2(CC2)CO1,C#CC[C@@H](CC(=O)N[Dy])Nc1nc(NCC2CC3(CC3)CO2)nc(Nc2nc(Cl)ncc2Cl)n1,sEH,0
517593,C#CC[C@@H](CC(=O)O)NC(=O)OCC1c2ccccc2-c2ccccc21,Cl.Cl.NCc1nc2cnccc2s1,Cc1cc(N)ncc1[N+](=O)[O-],C#CC[C@@H](CC(=O)N[Dy])Nc1nc(NCc2nc3cnccc3s2)nc(Nc2cc(C)c([N+](=O)[O-])cn2)n1,BRD4,0
556732,C#CC[C@@H](CC(=O)O)NC(=O)OCC1c2ccccc2-c2ccccc21,Cl.NCC1(O)C2C3CC4C5C3CC2C5C41,Nc1ccc2c(c1)CNC2=O,C#CC[C@@H](CC(=O)N[Dy])Nc1nc(NCC2(O)C3C4CC5C6C4CC3C6C52)nc(Nc2ccc3c(c2)CNC3=O)n1,HSA,0
120717,C#CC[C@@H](CC(=O)O)NC(=O)OCC1c2ccccc2-c2ccccc21,CCOCCCN,Cl.NCCCCN1C(=O)c2ccccc2C1=O,C#CC[C@@H](CC(=O)N[Dy])Nc1nc(NCCCCN2C(=O)c3ccccc3C2=O)nc(NCCCOCC)n1,BRD4,0
1006037,C#CC[C@@H](CC(=O)O)NC(=O)OCC1c2ccccc2-c2ccccc21,Nc1cccnc1[N+](=O)[O-],Cl.NCC1CC2CC1C1CC21,C#CC[C@@H](CC(=O)N[Dy])Nc1nc(NCC2CC3CC2C2CC32)nc(Nc2cccnc2[N+](=O)[O-])n1,sEH,0
969095,C#CC[C@@H](CC(=O)O)NC(=O)OCC1c2ccccc2-c2ccccc21,Nc1ccc2cn[nH]c2c1,C#CCOc1ccc(CN)cc1.Cl,C#CCOc1ccc(CNc2nc(Nc3ccc4cn[nH]c4c3)nc(N[C@@H](CC#C)CC(=O)N[Dy])n2)cc1,sEH,0
896070,C#CC[C@@H](CC(=O)O)NC(=O)OCC1c2ccccc2-c2ccccc21,Nc1ccc(Cl)c(C(F)(F)F)c1,Nc1ccc2nccnc2c1Br,C#CC[C@@H](CC(=O)N[Dy])Nc1nc(Nc2ccc(Cl)c(C(F)(F)F)c2)nc(Nc2ccc3nccnc3c2Br)n1,BRD4,0
698372,C#CC[C@@H](CC(=O)O)NC(=O)OCC1c2ccccc2-c2ccccc21,Cn1nccc1CN1C[C@@H](F)C[C@H]1CN,Cc1cc(CN)c(C)o1,C#CC[C@@H](CC(=O)N[Dy])Nc1nc(NCc2cc(C)oc2C)nc(NC[C@@H]2C[C@H](F)CN2Cc2ccnn2C)n1,sEH,0
438199,C#CC[C@@H](CC(=O)O)NC(=O)OCC1c2ccccc2-c2ccccc21,Cc1nc(N)ccc1[N+](=O)[O-],Cc1nc(Cl)c(N)c(Cl)n1,C#CC[C@@H](CC(=O)N[Dy])Nc1nc(Nc2ccc([N+](=O)[O-])c(C)n2)nc(Nc2c(Cl)nc(C)nc2Cl)n1,HSA,0
490690,C#CC[C@@H](CC(=O)O)NC(=O)OCC1c2ccccc2-c2ccccc21,Cl.Cl.NC[C@@H]1CCO[C@H]1c1cn[nH]c1,NCc1cc(C(F)F)on1,C#CC[C@@H](CC(=O)N[Dy])Nc1nc(NCc2cc(C(F)F)on2)nc(NC[C@@H]2CCO[C@H]2c2cn[nH]c2)n1,HSA,1
599609,C#CC[C@@H](CC(=O)O)NC(=O)OCC1c2ccccc2-c2ccccc21,Cl.NCCCN1C(=O)CCC1=O,Nc1cccc(CN2CCCCC2)c1,C#CC[C@@H](CC(=O)N[Dy])Nc1nc(NCCCN2C(=O)CCC2=O)nc(Nc2cccc(CN3CCCCC3)c2)n1,sEH,0
741977,C#CC[C@@H](CC(=O)O)NC(=O)OCC1c2ccccc2-c2ccccc21,NCC1(O)CC1,Cl.Cl.NCCc1nnc2c(=O)[nH]ccn12,C#CC[C@@H](CC(=O)N[Dy])Nc1nc(NCCc2nnc3c(=O)[nH]ccn23)nc(NCC2(O)CC2)n1,sEH,0
1011437,C#CC[C@@H](CC(=O)O)NC(=O)OCC1c2ccccc2-c2ccccc21,Nc1ccncc1Cl,CCOC(=O)c1c[nH]nc1N,C#CC[C@@H](CC(=O)N[Dy])Nc1nc(Nc2ccncc2Cl)nc(Nc2n[nH]cc2C(=O)OCC)n1,sEH,1
652226,C#CC[C@@H](CC(=O)O)NC(=O)OCC1c2ccccc2-c2ccccc21,Cl.NCc1cccc2cc[nH]c12,Cn1c(=O)cc(N)[nH]c1=O,C#CC[C@@H](CC(=O)N[Dy])Nc1nc(NCc2cccc3cc[nH]c23)nc(Nc2cc(=O)n(C)c(=O)[nH]2)n1,sEH,0
877641,C#CC[C@@H](CC(=O)O)NC(=O)OCC1c2ccccc2-c2ccccc21,Nc1cc(N2CCNCC2)ccc1[N+](=O)[O-],CC(CN)Sc1ccccc1,C#CC[C@@H](CC(=O)N[Dy])Nc1nc(NCC(C)Sc2ccccc2)nc(Nc2cc(N3CCNCC3)ccc2[N+](=O)[O-])n1,BRD4,1
204845,C#CC[C@@H](CC(=O)O)NC(=O)OCC1c2ccccc2-c2ccccc21,COC(=O)c1scnc1N,Nc1nc(NCc2ccc(F)cc2)ccc1[N+](=O)[O-],C#CC[C@@H](CC(=O)N[Dy])Nc1nc(Nc2nc(NCc3ccc(F)cc3)ccc2[N+](=O)[O-])nc(Nc2ncsc2C(=O)OC)n1,sEH,0
163994,C#CC[C@@H](CC(=O)O)NC(=O)OCC1c2ccccc2-c2ccccc21,CN1CCO[C@@H](CN)[C@@H]1c1cnn(C)c1,N#Cc1ccc2nc(N)sc2c1,C#CC[C@@H](CC(=O)N[Dy])Nc1nc(NC[C@@H]2OCCN(C)[C@H]2c2cnn(C)c2)nc(Nc2nc3ccc(C#N)cc3s2)n1,sEH,0
134140,C#CC[C@@H](CC(=O)O)NC(=O)OCC1c2ccccc2-c2ccccc21,CCSCCN.Cl,CC1(C)CCOC1CCN,C#CC[C@@H](CC(=O)N[Dy])Nc1nc(NCCSCC)nc(NCCC2OCCC2(C)C)n1,HSA,0
391339,C#CC[C@@H](CC(=O)O)NC(=O)OCC1c2ccccc2-c2ccccc21,Cc1ccc(Cl)c(N)c1,Cl.NCc1cc(Br)no1,C#CC[C@@H](CC(=O)N[Dy])Nc1nc(NCc2cc(Br)no2)nc(Nc2cc(C)ccc2Cl)n1,HSA,0
495185,C#CC[C@@H](CC(=O)O)NC(=O)OCC1c2ccccc2-c2ccccc21,Cl.Cl.NCc1cc2n(n1)CCCO2,Cl.NCCC1CC1,C#CC[C@@H](CC(=O)N[Dy])Nc1nc(NCCC2CC2)nc(NCc2cc3n(n2)CCCO3)n1,sEH,0
645453,C#CC[C@@H](CC(=O)O)NC(=O)OCC1c2ccccc2-c2ccccc21,Cl.NCc1cc2ccccc2[nH]c1=O,NCc1nc2c(s1)CCCC2,C#CC[C@@H](CC(=O)N[Dy])Nc1nc(NCc2nc3c(s2)CCCC3)nc(NCc2cc3ccccc3[nH]c2=O)n1,BRD4,0
1005668,C#CC[C@@H](CC(=O)O)NC(=O)OCC1c2ccccc2-c2ccccc21,Nc1cccnc1[N+](=O)[O-],Cc1ccc(CN)nc1C.Cl.Cl,C#CC[C@@H](CC(=O)N[Dy])Nc1nc(NCc2ccc(C)c(C)n2)nc(Nc2cccnc2[N+](=O)[O-])n1,sEH,0
107225,C#CC[C@@H](CC(=O)O)NC(=O)OCC1c2ccccc2-c2ccccc21,CCOC(=O)c1cnc(N)cn1,CC(CN)S(C)=O,C#CC[C@@H](CC(=O)N[Dy])Nc1nc(NCC(C)S(C)=O)nc(Nc2cnc(C(=O)OCC)cn2)n1,sEH,0
685605,C#CC[C@@H](CC(=O)O)NC(=O)OCC1c2ccccc2-c2ccccc21,Cl.Nc1ncns1,Nc1nc2c(s1)CCCC2,C#CC[C@@H](CC(=O)N[Dy])Nc1nc(Nc2ncns2)nc(Nc2nc3c(s2)CCCC3)n1,BRD4,0
934493,C#CC[C@@H](CC(=O)O)NC(=O)OCC1c2ccccc2-c2ccccc21,Nc1ccc(O)cn1,C=C(Cl)CN.Cl,C#CC[C@@H](CC(=O)N[Dy])Nc1nc(NCC(=C)Cl)nc(Nc2ccc(O)cn2)n1,sEH,0
270154,C#CC[C@@H](CC(=O)O)NC(=O)OCC1c2ccccc2-c2ccccc21,COc1ccc(N)cc1[N+](=O)[O-],CC(C)(C#N)c1ccc(N)cc1,C#CC[C@@H](CC(=O)N[Dy])Nc1nc(Nc2ccc(C(C)(C)C#N)cc2)nc(Nc2ccc(OC)c([N+](=O)[O-])c2)n1,HSA,0
171933,C#CC[C@@H](CC(=O)O)NC(=O)OCC1c2ccccc2-c2ccccc21,CNC(=O)c1ccc(N)cc1F,Nc1nccc(=O)[nH]1,C#CC[C@@H](CC(=O)N[Dy])Nc1nc(Nc2ccc(C(=O)NC)c(F)c2)nc(Nc2nccc(=O)[nH]2)n1,BRD4,1
634681,C#CC[C@@H](CC(=O)O)NC(=O)OCC1c2ccccc2-c2ccccc21,Cl.NCCn1cnnn1,Nc1cnc(Cl)c(Cl)c1,C#CC[C@@H](CC(=O)N[Dy])Nc1nc(NCCn2cnnn2)nc(Nc2cnc(Cl)c(Cl)c2)n1,HSA,0
934883,C#CC[C@@H](CC(=O)O)NC(=O)OCC1c2ccccc2-c2ccccc21,Nc1ccc(O)cn1,COC(=O)c1cnc(N)cn1,C#CC[C@@H](CC(=O)N[Dy])Nc1nc(Nc2ccc(O)cn2)nc(Nc2cnc(C(=O)OC)cn2)n1,sEH,0
249832,C#CC[C@@H](CC(=O)O)NC(=O)OCC1c2ccccc2-c2ccccc21,COc1cc(F)ccc1N,Cc1sc(N)c(C#N)c1C,C#CC[C@@H](CC(=O)N[Dy])Nc1nc(Nc2ccc(F)cc2OC)nc(Nc2sc(C)c(C)c2C#N)n1,HSA,0
458072,C#CC[C@@H](CC(=O)O)NC(=O)OCC1c2ccccc2-c2ccccc21,Cl.Cl.Cn1ccnc1Cn1c(CCCN)nc2c1CCCC2,Nc1cnccn1,C#CC[C@@H](CC(=O)N[Dy])Nc1nc(NCCCc2nc3c(n2Cc2nccn2C)CCCC3)nc(Nc2cnccn2)n1,sEH,0
304383,C#CC[C@@H](CC(=O)O)NC(=O)OCC1c2ccccc2-c2ccccc21,COc1ncccc1N,CCOC(=O)c1cc(N)[nH]n1,C#CC[C@@H](CC(=O)N[Dy])Nc1nc(Nc2cc(C(=O)OCC)n[nH]2)nc(Nc2cccnc2OC)n1,BRD4,0
61358,C#CC[C@@H](CC(=O)O)NC(=O)OCC1c2ccccc2-c2ccccc21,CC(CN)S(N)(=O)=O.Cl,Cc1nnc(N)o1,C#CC[C@@H](CC(=O)N[Dy])Nc1nc(NCC(C)S(N)(=O)=O)nc(Nc2nnc(C)o2)n1,sEH,0
484960,C#CC[C@@H](CC(=O)O)NC(=O)OCC1c2ccccc2-c2ccccc21,Cl.Cl.NCCn1cc(C2CC2)nn1,NCC1(c2ccc(Cl)cc2Cl)CCCC1,C#CC[C@@H](CC(=O)N[Dy])Nc1nc(NCCn2cc(C3CC3)nn2)nc(NCC2(c3ccc(Cl)cc3Cl)CCCC2)n1,HSA,0
901760,C#CC[C@@H](CC(=O)O)NC(=O)OCC1c2ccccc2-c2ccccc21,Nc1ccc(Cl)nc1,Cl.NCC(=O)NC1CCC1,C#CC[C@@H](CC(=O)N[Dy])Nc1nc(NCC(=O)NC2CCC2)nc(Nc2ccc(Cl)nc2)n1,sEH,0
427364,C#CC[C@@H](CC(=O)O)NC(=O)OCC1c2ccccc2-c2ccccc21,Cc1cnc(N)cn1,CCn1cc(N)c(C)n1,C#CC[C@@H](CC(=O)N[Dy])Nc1nc(Nc2cnc(C)cn2)nc(Nc2cn(CC)nc2C)n1,sEH,0
179142,C#CC[C@@H](CC(=O)O)NC(=O)OCC1c2ccccc2-c2ccccc21,COC(=O)c1cc(N)ccc1C,Cl.NCC(F)(F)CC1CC1,C#CC[C@@H](CC(=O)N[Dy])Nc1nc(NCC(F)(F)CC2CC2)nc(Nc2ccc(C)c(C(=O)OC)c2)n1,BRD4,0
32038,C#CC[C@@H](CC(=O)O)NC(=O)OCC1c2ccccc2-c2ccccc21,CC(C)(C)OC(=O)N1CCN(c2ccccc2N)CC1,CS(=O)(=O)Nc1ccc(-c2csc(N)n2)cc1,C#CC[C@@H](CC(=O)N[Dy])Nc1nc(Nc2nc(-c3ccc(NS(C)(=O)=O)cc3)cs2)nc(Nc2ccccc2N2CCN(C(=O)OC(C)(C)C)CC2)n1,HSA,0
766262,C#CC[C@@H](CC(=O)O)NC(=O)OCC1c2ccccc2-c2ccccc21,NCCC1CSC1,CC(C)(C)OC(=O)N1CCN(c2ccccc2N)CC1,C#CC[C@@H](CC(=O)N[Dy])Nc1nc(NCCC2CSC2)nc(Nc2ccccc2N2CCN(C(=O)OC(C)(C)C)CC2)n1,sEH,1
339627,C#CC[C@@H](CC(=O)O)NC(=O)OCC1c2ccccc2-c2ccccc21,Cc1c([C@@H]2[C@@H](CN)CC(=O)N2C)cnn1C,NCC1CCN(c2ccncc2)CC1,C#CC[C@@H](CC(=O)N[Dy])Nc1nc(NCC2CCN(c3ccncc3)CC2)nc(NC[C@H]2CC(=O)N(C)[C@@H]2c2cnn(C)c2C)n1,BRD4,0
806496,C#CC[C@@H](CC(=O)O)NC(=O)OCC1c2ccccc2-c2ccccc21,NCc1cc(=O)c(O)co1,NCCC(=O)N1CCN(c2ccccn2)CC1,C#CC[C@@H](CC(=O)N[Dy])Nc1nc(NCCC(=O)N2CCN(c3ccccn3)CC2)nc(NCc2cc(=O)c(O)co2)n1,BRD4,0
813460,C#CC[C@@H](CC(=O)O)NC(=O)OCC1c2ccccc2-c2ccccc21,NCc1cccc(C(F)(F)F)n1,CC(C)(CN)CCS(C)(=O)=O.Cl,C#CC[C@@H](CC(=O)N[Dy])Nc1nc(NCc2cccc(C(F)(F)F)n2)nc(NCC(C)(C)CCS(C)(=O)=O)n1,HSA,0
89831,C#CC[C@@H](CC(=O)O)NC(=O)OCC1c2ccccc2-c2ccccc21,CC1CN(c2cc(CN)ccn2)CCO1,Nc1cc(F)cc(F)c1,C#CC[C@@H](CC(=O)N[Dy])Nc1nc(NCc2ccnc(N3CCOC(C)C3)c2)nc(Nc2cc(F)cc(F)c2)n1,sEH,0
174310,C#CC[C@@H](CC(=O)O)NC(=O)OCC1c2ccccc2-c2ccccc21,COC(=O)c1cc(F)c(F)cc1N,Cl.Cl.NCC1(c2ccncc2)CC1,C#CC[C@@H](CC(=O)N[Dy])Nc1nc(NCC2(c3ccncc3)CC2)nc(Nc2cc(F)c(F)cc2C(=O)OC)n1,HSA,0
177565,C#CC[C@@H](CC(=O)O)NC(=O)OCC1c2ccccc2-c2ccccc21,COC(=O)c1cc(N)cc(O)c1,NCC1(CO)CCOC1,C#CC[C@@H](CC(=O)N[Dy])Nc1nc(NCC2(CO)CCOC2)nc(Nc2cc(O)cc(C(=O)OC)c2)n1,HSA,0
591125,C#CC[C@@H](CC(=O)O)NC(=O)OCC1c2ccccc2-c2ccccc21,Cl.NCCC1CCCC1(F)F,Cl.NCc1cc(F)c(Cl)cc1F,C#CC[C@@H](CC(=O)N[Dy])Nc1nc(NCCC2CCCC2(F)F)nc(NCc2cc(F)c(Cl)cc2F)n1,sEH,0
450818,C#CC[C@@H](CC(=O)O)NC(=O)OCC1c2ccccc2-c2ccccc21,Cc1nncn1CCCN.Cl,CC(CN)Cn1cccn1,C#CC[C@@H](CC(=O)N[Dy])Nc1nc(NCCCn2cnnc2C)nc(NCC(C)Cn2cccn2)n1,sEH,0
851039,C#CC[C@@H](CC(=O)O)NC(=O)OCC1c2ccccc2-c2ccccc21,Nc1cc(C(F)(F)F)cnc1Cl,Nc1cccc(OCc2ccccc2)c1,C#CC[C@@H](CC(=O)N[Dy])Nc1nc(Nc2cccc(OCc3ccccc3)c2)nc(Nc2cc(C(F)(F)F)cnc2Cl)n1,sEH,0
52430,C#CC[C@@H](CC(=O)O)NC(=O)OCC1c2ccccc2-c2ccccc21,CC(CCN)S(C)=O,N#Cc1cnc2c(C#N)cnn2c1N,C#CC[C@@H](CC(=O)N[Dy])Nc1nc(NCCC(C)S(C)=O)nc(Nc2c(C#N)cnc3c(C#N)cnn23)n1,sEH,0
473998,C#CC[C@@H](CC(=O)O)NC(=O)OCC1c2ccccc2-c2ccccc21,Cl.Cl.NCC=Cc1cccnc1,N#Cc1cnc2c(C#N)cnn2c1N,C#CC[C@@H](CC(=O)N[Dy])Nc1nc(NCC=Cc2cccnc2)nc(Nc2c(C#N)cnc3c(C#N)cnn23)n1,HSA,1
743214,C#CC[C@@H](CC(=O)O)NC(=O)OCC1c2ccccc2-c2ccccc21,NCC1(O)CCCC1,Cc1ccsc1CN,C#CC[C@@H](CC(=O)N[Dy])Nc1nc(NCc2sccc2C)nc(NCC2(O)CCCC2)n1,BRD4,0
843688,C#CC[C@@H](CC(=O)O)NC(=O)OCC1c2ccccc2-c2ccccc21,Nc1c2ccccc2nc2ccccc12,Cc1cnc(Cl)cc1N,C#CC[C@@H](CC(=O)N[Dy])Nc1nc(Nc2cc(Cl)ncc2C)nc(Nc2c3ccccc3nc3ccccc23)n1,HSA,0
151652,C#CC[C@@H](CC(=O)O)NC(=O)OCC1c2ccccc2-c2ccccc21,CN1CC2(CCC1CN)CC2.Cl.Cl,Nc1cc(=O)[nH]c(=S)[nH]1,C#CC[C@@H](CC(=O)N[Dy])Nc1nc(NCC2CCC3(CC3)CN2C)nc(Nc2cc(=O)[nH]c(=S)[nH]2)n1,sEH,0
687544,C#CC[C@@H](CC(=O)O)NC(=O)OCC1c2ccccc2-c2ccccc21,Cn1cc(C2(CN)CCCO2)cn1,Cl.NCc1nnc2c(=O)[nH]ccn12,C#CC[C@@H](CC(=O)N[Dy])Nc1nc(NCc2nnc3c(=O)[nH]ccn23)nc(NCC2(c3cnn(C)c3)CCCO2)n1,HSA,0
442676,C#CC[C@@H](CC(=O)O)NC(=O)OCC1c2ccccc2-c2ccccc21,Cc1nccn1-c1ncccc1CN,CCOC(=O)c1cccnc1N,C#CC[C@@H](CC(=O)N[Dy])Nc1nc(NCc2cccnc2-n2ccnc2C)nc(Nc2ncccc2C(=O)OCC)n1,sEH,0
1018782,C#CC[C@@H](CC(=O)O)NC(=O)OCC1c2ccccc2-c2ccccc21,Nc1cnc(Br)cn1,Cl.NCc1ccsc1C(F)(F)F,C#CC[C@@H](CC(=O)N[Dy])Nc1nc(NCc2ccsc2C(F)(F)F)nc(Nc2cnc(Br)cn2)n1,BRD4,0
175295,C#CC[C@@H](CC(=O)O)NC(=O)OCC1c2ccccc2-c2ccccc21,COC(=O)c1cc(F)c(F)cc1N,Nc1ccc(F)cc1CO,C#CC[C@@H](CC(=O)N[Dy])Nc1nc(Nc2ccc(F)cc2CO)nc(Nc2cc(F)c(F)cc2C(=O)OC)n1,sEH,0
472318,C#CC[C@@H](CC(=O)O)NC(=O)OCC1c2ccccc2-c2ccccc21,Cl.Cl.NCC1CCNC(=O)C1,Nc1cnc(Cl)nc1,C#CC[C@@H](CC(=O)N[Dy])Nc1nc(NCC2CCNC(=O)C2)nc(Nc2cnc(Cl)nc2)n1,HSA,0
154210,C#CC[C@@H](CC(=O)O)NC(=O)OCC1c2ccccc2-c2ccccc21,CN1CCN(C(=O)CN)CC1,N#Cc1ccc(N)cc1C(F)(F)F,C#CC[C@@H](CC(=O)N[Dy])Nc1nc(NCC(=O)N2CCN(C)CC2)nc(Nc2ccc(C#N)c(C(F)(F)F)c2)n1,HSA,0
952566,C#CC[C@@H](CC(=O)O)NC(=O)OCC1c2ccccc2-c2ccccc21,Nc1ccc2c(c1)C(=O)CCC2,NCc1ccc(Oc2cccnc2)c(F)c1,C#CC[C@@H](CC(=O)N[Dy])Nc1nc(NCc2ccc(Oc3cccnc3)c(F)c2)nc(Nc2ccc3c(c2)C(=O)CCC3)n1,BRD4,0
652555,C#CC[C@@H](CC(=O)O)NC(=O)OCC1c2ccccc2-c2ccccc21,Cl.NCc1cccc2cc[nH]c12,Nc1nc(=O)[nH]cc1Br,C#CC[C@@H](CC(=O)N[Dy])Nc1nc(NCc2cccc3cc[nH]c23)nc(Nc2nc(=O)[nH]cc2Br)n1,HSA,0
120120,C#CC[C@@H](CC(=O)O)NC(=O)OCC1c2ccccc2-c2ccccc21,CCOCCCN,COc1ccc2nc(N)sc2c1,C#CC[C@@H](CC(=O)N[Dy])Nc1nc(NCCCOCC)nc(Nc2nc3ccc(OC)cc3s2)n1,BRD4,0
589377,C#CC[C@@H](CC(=O)O)NC(=O)OCC1c2ccccc2-c2ccccc21,Cl.NCCC1CC2(CCC2)CO1,Nc1cc[nH]n1,C#CC[C@@H](CC(=O)N[Dy])Nc1nc(NCCC2CC3(CCC3)CO2)nc(Nc2cc[nH]n2)n1,BRD4,0
854805,C#CC[C@@H](CC(=O)O)NC(=O)OCC1c2ccccc2-c2ccccc21,Nc1cc(Cl)c(O)c(Cl)c1,Cl.Cl.NCc1nc2c(s1)CCC2,C#CC[C@@H](CC(=O)N[Dy])Nc1nc(NCc2nc3c(s2)CCC3)nc(Nc2cc(Cl)c(O)c(Cl)c2)n1,BRD4,1
247853,C#CC[C@@H](CC(=O)O)NC(=O)OCC1c2ccccc2-c2ccccc21,COc1cc(F)c(Cl)cc1N,Cc1cscc1CN,C#CC[C@@H](CC(=O)N[Dy])Nc1nc(NCc2cscc2C)nc(Nc2cc(Cl)c(F)cc2OC)n1,sEH,0
31724,C#CC[C@@H](CC(=O)O)NC(=O)OCC1c2ccccc2-c2ccccc21,CC(C)(C)OC(=O)N1CCN(c2ccccc2N)CC1,CN1CCN(Cc2ccc(N)cc2C(F)(F)F)CC1,C#CC[C@@H](CC(=O)N[Dy])Nc1nc(Nc2ccc(CN3CCN(C)CC3)c(C(F)(F)F)c2)nc(Nc2ccccc2N2CCN(C(=O)OC(C)(C)C)CC2)n1,sEH,0
652014,C#CC[C@@H](CC(=O)O)NC(=O)OCC1c2ccccc2-c2ccccc21,Cl.NCc1cccc2cc[nH]c12,COc1nc(C)ccc1CN,C#CC[C@@H](CC(=O)N[Dy])Nc1nc(NCc2ccc(C)nc2OC)nc(NCc2cccc3cc[nH]c23)n1,BRD4,0
533439,C#CC[C@@H](CC(=O)O)NC(=O)OCC1c2ccccc2-c2ccccc21,Cl.Cn1cc(N)ccc1=O,Cc1cscc1CN,C#CC[C@@H](CC(=O)N[Dy])Nc1nc(NCc2cscc2C)nc(Nc2ccc(=O)n(C)c2)n1,BRD4,1
169101,C#CC[C@@H](CC(=O)O)NC(=O)OCC1c2ccccc2-c2ccccc21,CNC(=O)c1cc(Oc2ccc(N)cc2)ccn1,Cl.NC[C@@H]1CCO[C@@H]1c1nc(C2CC2)no1,C#CC[C@@H](CC(=O)N[Dy])Nc1nc(NC[C@@H]2CCO[C@@H]2c2nc(C3CC3)no2)nc(Nc2ccc(Oc3ccnc(C(=O)NC)c3)cc2)n1,BRD4,0
1008923,C#CC[C@@H](CC(=O)O)NC(=O)OCC1c2ccccc2-c2ccccc21,Nc1ccnc(Cl)c1,COC(=O)c1sc(-c2ccc(Cl)cc2)cc1N,C#CC[C@@H](CC(=O)N[Dy])Nc1nc(Nc2ccnc(Cl)c2)nc(Nc2cc(-c3ccc(Cl)cc3)sc2C(=O)OC)n1,sEH,0
369919,C#CC[C@@H](CC(=O)O)NC(=O)OCC1c2ccccc2-c2ccccc21,Cc1cc(N)ccn1,N#Cc1ccnc(N)c1,C#CC[C@@H](CC(=O)N[Dy])Nc1nc(Nc2ccnc(C)c2)nc(Nc2cc(C#N)ccn2)n1,HSA,0
762432,C#CC[C@@H](CC(=O)O)NC(=O)OCC1c2ccccc2-c2ccccc21,NCCC(=O)NC1CCCC1,Cc1ccccc1-n1nc(C)c(CN)c1C.Cl.Cl,C#CC[C@@H](CC(=O)N[Dy])Nc1nc(NCCC(=O)NC2CCCC2)nc(NCc2c(C)nn(-c3ccccc3C)c2C)n1,BRD4,0
128685,C#CC[C@@H](CC(=O)O)NC(=O)OCC1c2ccccc2-c2ccccc21,CCOc1cc2c(cc1CN)OC(C)C2.Cl,Nc1nc(Cl)c2cn[nH]c2n1,C#CC[C@@H](CC(=O)N[Dy])Nc1nc(NCc2cc3c(cc2OCC)CC(C)O3)nc(Nc2nc(Cl)c3cn[nH]c3n2)n1,BRD4,0
72742,C#CC[C@@H](CC(=O)O)NC(=O)OCC1c2ccccc2-c2ccccc21,CC1(C)CCOC1CCN,Cl.NCCNC(=O)c1ccn[nH]1,C#CC[C@@H](CC(=O)N[Dy])Nc1nc(NCCNC(=O)c2ccn[nH]2)nc(NCCC2OCCC2(C)C)n1,HSA,0
331649,C#CC[C@@H](CC(=O)O)NC(=O)OCC1c2ccccc2-c2ccccc21,Cc1c(Br)cncc1CN.Cl.Cl,Cc1cc(N)nn1C,C#CC[C@@H](CC(=O)N[Dy])Nc1nc(NCc2cncc(Br)c2C)nc(Nc2cc(C)n(C)n2)n1,sEH,0
916625,C#CC[C@@H](CC(=O)O)NC(=O)OCC1c2ccccc2-c2ccccc21,Nc1ccc(F)cn1,CCOc1cc(N)ccn1,C#CC[C@@H](CC(=O)N[Dy])Nc1nc(Nc2ccnc(OCC)c2)nc(Nc2ccc(F)cn2)n1,sEH,0
57259,C#CC[C@@H](CC(=O)O)NC(=O)OCC1c2ccccc2-c2ccccc21,CC(CN)Oc1ccc(Cl)cc1,Nc1cccc2c(=O)[nH][nH]c(=O)c12,C#CC[C@@H](CC(=O)N[Dy])Nc1nc(NCC(C)Oc2ccc(Cl)cc2)nc(Nc2cccc3c(=O)[nH][nH]c(=O)c23)n1,HSA,0
342631,C#CC[C@@H](CC(=O)O)NC(=O)OCC1c2ccccc2-c2ccccc21,Cc1cc(C#N)c(N)s1,NCC1CS(=O)(=O)c2ccccc21,C#CC[C@@H](CC(=O)N[Dy])Nc1nc(NCC2CS(=O)(=O)c3ccccc32)nc(Nc2sc(C)cc2C#N)n1,HSA,1
892885,C#CC[C@@H](CC(=O)O)NC(=O)OCC1c2ccccc2-c2ccccc21,Nc1ccc(CC2COC(=O)N2)cc1,COC[C@H](CN)OC,C#CC[C@@H](CC(=O)N[Dy])Nc1nc(NC[C@@H](COC)OC)nc(Nc2ccc(CC3COC(=O)N3)cc2)n1,HSA,0
667632,C#CC[C@@H](CC(=O)O)NC(=O)OCC1c2ccccc2-c2ccccc21,Cl.NCc1nc2ccccc2c(=O)[nH]1,Cl.Cl.NCc1nc2c(s1)CCC2,C#CC[C@@H](CC(=O)N[Dy])Nc1nc(NCc2nc3ccccc3c(=O)[nH]2)nc(NCc2nc3c(s2)CCC3)n1,BRD4,0
191729,C#CC[C@@H](CC(=O)O)NC(=O)OCC1c2ccccc2-c2ccccc21,COC(=O)c1cccc(N)n1,Nc1cc(-c2cccc(Br)c2)no1,C#CC[C@@H](CC(=O)N[Dy])Nc1nc(Nc2cccc(C(=O)OC)n2)nc(Nc2cc(-c3cccc(Br)c3)no2)n1,sEH,0
335297,C#CC[C@@H](CC(=O)O)NC(=O)OCC1c2ccccc2-c2ccccc21,Cc1c(CN)oc2ccc(F)cc12.Cl,Nc1ccc2c(c1)OCO2,C#CC[C@@H](CC(=O)N[Dy])Nc1nc(NCc2oc3ccc(F)cc3c2C)nc(Nc2ccc3c(c2)OCO3)n1,sEH,0
462673,C#CC[C@@H](CC(=O)O)NC(=O)OCC1c2ccccc2-c2ccccc21,Cl.Cl.NCC(=O)Nc1nccs1,COc1cnc(CN)cn1.Cl.Cl,C#CC[C@@H](CC(=O)N[Dy])Nc1nc(NCC(=O)Nc2nccs2)nc(NCc2cnc(OC)cn2)n1,HSA,0
995938,C#CC[C@@H](CC(=O)O)NC(=O)OCC1c2ccccc2-c2ccccc21,Nc1cccc2cnccc12,Nc1nc(Cl)c(C=O)c(Cl)n1,C#CC[C@@H](CC(=O)N[Dy])Nc1nc(Nc2nc(Cl)c(C=O)c(Cl)n2)nc(Nc2cccc3cnccc23)n1,HSA,0
324282,C#CC[C@@H](CC(=O)O)NC(=O)OCC1c2ccccc2-c2ccccc21,CSSCCN.Cl,Cc1cc(CN)c(C)[nH]1,C#CC[C@@H](CC(=O)N[Dy])Nc1nc(NCCSSC)nc(NCc2cc(C)[nH]c2C)n1,BRD4,0
1008349,C#CC[C@@H](CC(=O)O)NC(=O)OCC1c2ccccc2-c2ccccc21,Nc1ccnc(-c2ccccc2)c1,Nc1c(O)ncnc1O,C#CC[C@@H](CC(=O)N[Dy])Nc1nc(Nc2ccnc(-c3ccccc3)c2)nc(Nc2c(O)ncnc2O)n1,HSA,0
658333,C#CC[C@@H](CC(=O)O)NC(=O)OCC1c2ccccc2-c2ccccc21,Cl.NCc1cnc2n1CCOC2,Nc1n[nH]c2c(F)c(F)ccc12,C#CC[C@@H](CC(=O)N[Dy])Nc1nc(NCc2cnc3n2CCOC3)nc(Nc2n[nH]c3c(F)c(F)ccc23)n1,HSA,0
366577,C#CC[C@@H](CC(=O)O)NC(=O)OCC1c2ccccc2-c2ccccc21,Cc1cc(N)ccc1O,CN(C)C1(CN)CCSC1,C#CC[C@@H](CC(=O)N[Dy])Nc1nc(NCC2(N(C)C)CCSC2)nc(Nc2ccc(O)c(C)c2)n1,HSA,0
255431,C#CC[C@@H](CC(=O)O)NC(=O)OCC1c2ccccc2-c2ccccc21,COc1cc2c(cc1CN)OCO2,Cl.Cl.NCC1(N2CCOCC2)CCOCC1,C#CC[C@@H](CC(=O)N[Dy])Nc1nc(NCc2cc3c(cc2OC)OCO3)nc(NCC2(N3CCOCC3)CCOCC2)n1,sEH,0
278215,C#CC[C@@H](CC(=O)O)NC(=O)OCC1c2ccccc2-c2ccccc21,COc1ccc(OC)c(N)c1,Nc1n[nH]c2cc(F)ccc12,C#CC[C@@H](CC(=O)N[Dy])Nc1nc(Nc2cc(OC)ccc2OC)nc(Nc2n[nH]c3cc(F)ccc23)n1,HSA,0
87045,C#CC[C@@H](CC(=O)O)NC(=O)OCC1c2ccccc2-c2ccccc21,CC1CN(S(=O)(=O)CCN)CC(C)O1,COC(=O)c1cc(Cl)nc(Cl)c1N,C#CC[C@@H](CC(=O)N[Dy])Nc1nc(NCCS(=O)(=O)N2CC(C)OC(C)C2)nc(Nc2c(C(=O)OC)cc(Cl)nc2Cl)n1,BRD4,0
1006967,C#CC[C@@H](CC(=O)O)NC(=O)OCC1c2ccccc2-c2ccccc21,Nc1cccnc1[N+](=O)[O-],Nc1cccc2ncccc12,C#CC[C@@H](CC(=O)N[Dy])Nc1nc(Nc2cccnc2[N+](=O)[O-])nc(Nc2cccc3ncccc23)n1,sEH,0
766034,C#CC[C@@H](CC(=O)O)NC(=O)OCC1c2ccccc2-c2ccccc21,NCCC1CCOC1,Nc1cc[nH]c(=O)n1,C#CC[C@@H](CC(=O)N[Dy])Nc1nc(NCCC2CCOC2)nc(Nc2cc[nH]c(=O)n2)n1,sEH,0
663699,C#CC[C@@H](CC(=O)O)NC(=O)OCC1c2ccccc2-c2ccccc21,Cl.NCc1csc(=O)[nH]1,Cc1n[nH]c(N)c1C,C#CC[C@@H](CC(=O)N[Dy])Nc1nc(NCc2csc(=O)[nH]2)nc(Nc2[nH]nc(C)c2C)n1,BRD4,0
826453,C#CC[C@@H](CC(=O)O)NC(=O)OCC1c2ccccc2-c2ccccc21,NCc1cccnc1,CN1CC2(CCC1CN)CC2.Cl.Cl,C#CC[C@@H](CC(=O)N[Dy])Nc1nc(NCc2cccnc2)nc(NCC2CCC3(CC3)CN2C)n1,HSA,0
235622,C#CC[C@@H](CC(=O)O)NC(=O)OCC1c2ccccc2-c2ccccc21,COc1c(F)ccc(F)c1CN.Cl,Cl.Cl.NCc1cncc(F)c1,C#CC[C@@H](CC(=O)N[Dy])Nc1nc(NCc2cncc(F)c2)nc(NCc2c(F)ccc(F)c2OC)n1,sEH,1
223784,C#CC[C@@H](CC(=O)O)NC(=O)OCC1c2ccccc2-c2ccccc21,COCC1(CN)CCCCC1,Nc1ccc(F)cc1Cl,C#CC[C@@H](CC(=O)N[Dy])Nc1nc(NCC2(COC)CCCCC2)nc(Nc2ccc(F)cc2Cl)n1,sEH,0
882029,C#CC[C@@H](CC(=O)O)NC(=O)OCC1c2ccccc2-c2ccccc21,Nc1ccc(-c2ccccc2)cn1,NCCC1CCOC1,C#CC[C@@H](CC(=O)N[Dy])Nc1nc(NCCC2CCOC2)nc(Nc2ccc(-c3ccccc3)cn2)n1,sEH,0
328856,C#CC[C@@H](CC(=O)O)NC(=O)OCC1c2ccccc2-c2ccccc21,CSc1ccc(CN)o1.Cl,Nc1ccc2c(c1)OCO2,C#CC[C@@H](CC(=O)N[Dy])Nc1nc(NCc2ccc(SC)o2)nc(Nc2ccc3c(c2)OCO3)n1,sEH,0
490550,C#CC[C@@H](CC(=O)O)NC(=O)OCC1c2ccccc2-c2ccccc21,Cl.Cl.NC[C@@H]1CCO[C@H]1c1cn[nH]c1,NCC1(N2CCOCC2)CC1,C#CC[C@@H](CC(=O)N[Dy])Nc1nc(NC[C@@H]2CCO[C@H]2c2cn[nH]c2)nc(NCC2(N3CCOCC3)CC2)n1,sEH,0
71630,C#CC[C@@H](CC(=O)O)NC(=O)OCC1c2ccccc2-c2ccccc21,CC1(C)CC(CN)C(C)(C)O1,Nc1nc[nH]n1,C#CC[C@@H](CC(=O)N[Dy])Nc1nc(NCC2CC(C)(C)OC2(C)C)nc(Nc2nc[nH]n2)n1,sEH,0
1003056,C#CC[C@@H](CC(=O)O)NC(=O)OCC1c2ccccc2-c2ccccc21,Nc1cccnc1Cl,Nc1nc2ccccc2s1,C#CC[C@@H](CC(=O)N[Dy])Nc1nc(Nc2nc3ccccc3s2)nc(Nc2cccnc2Cl)n1,BRD4,0
230690,C#CC[C@@H](CC(=O)O)NC(=O)OCC1c2ccccc2-c2ccccc21,COCc1ccccc1CN,NCc1ccc(NC(=O)c2ccco2)cc1,C#CC[C@@H](CC(=O)N[Dy])Nc1nc(NCc2ccc(NC(=O)c3ccco3)cc2)nc(NCc2ccccc2COC)n1,sEH,0
313034,C#CC[C@@H](CC(=O)O)NC(=O)OCC1c2ccccc2-c2ccccc21,CS(=O)(=O)c1ccc(N)cc1,CCOC(=O)c1c[nH]nc1N,C#CC[C@@H](CC(=O)N[Dy])Nc1nc(Nc2ccc(S(C)(=O)=O)cc2)nc(Nc2n[nH]cc2C(=O)OCC)n1,sEH,0
925980,C#CC[C@@H](CC(=O)O)NC(=O)OCC1c2ccccc2-c2ccccc21,Nc1ccc(N2CCCC2=O)cc1,N#Cc1cnc2c(C#N)cnn2c1N,C#CC[C@@H](CC(=O)N[Dy])Nc1nc(Nc2ccc(N3CCCC3=O)cc2)nc(Nc2c(C#N)cnc3c(C#N)cnn23)n1,BRD4,0
430994,C#CC[C@@H](CC(=O)O)NC(=O)OCC1c2ccccc2-c2ccccc21,Cc1cnc(O)c(N)c1,CN(C)C(CN)c1ccco1,C#CC[C@@H](CC(=O)N[Dy])Nc1nc(NCC(c2ccco2)N(C)C)nc(Nc2cc(C)cnc2O)n1,sEH,0
674971,C#CC[C@@H](CC(=O)O)NC(=O)OCC1c2ccccc2-c2ccccc21,Cl.NCc1nnc2ncccn12,Cc1cc(=O)oc2cc(N)ccc12,C#CC[C@@H](CC(=O)N[Dy])Nc1nc(NCc2nnc3ncccn23)nc(Nc2ccc3c(C)cc(=O)oc3c2)n1,HSA,0
139008,C#CC[C@@H](CC(=O)O)NC(=O)OCC1c2ccccc2-c2ccccc21,CN(C)C1(CN)CCSC1,NCC(O)c1ccc(Cl)s1.O=C(O)C(F)(F)F,C#CC[C@@H](CC(=O)N[Dy])Nc1nc(NCC(O)c2ccc(Cl)s2)nc(NCC2(N(C)C)CCSC2)n1,BRD4,0
194045,C#CC[C@@H](CC(=O)O)NC(=O)OCC1c2ccccc2-c2ccccc21,COC(=O)c1cnc(N)cn1,Cc1cc2cc(CN)ccc2[nH]1,C#CC[C@@H](CC(=O)N[Dy])Nc1nc(NCc2ccc3[nH]c(C)cc3c2)nc(Nc2cnc(C(=O)OC)cn2)n1,sEH,1
473447,C#CC[C@@H](CC(=O)O)NC(=O)OCC1c2ccccc2-c2ccccc21,Cl.Cl.NCC=Cc1cccnc1,Cc1nc(CN)ccc1C(C)O.Cl.Cl,C#CC[C@@H](CC(=O)N[Dy])Nc1nc(NCC=Cc2cccnc2)nc(NCc2ccc(C(C)O)c(C)n2)n1,sEH,0
207939,C#CC[C@@H](CC(=O)O)NC(=O)OCC1c2ccccc2-c2ccccc21,COC(C)(CN)C1CC1,Cl.NCC1CC12CCOCC2,C#CC[C@@H](CC(=O)N[Dy])Nc1nc(NCC2CC23CCOCC3)nc(NCC(C)(OC)C2CC2)n1,BRD4,0
541272,C#CC[C@@H](CC(=O)O)NC(=O)OCC1c2ccccc2-c2ccccc21,Cl.NC1CCC(=O)CC1,CC(C)(C)c1cc(N)n[nH]1,C#CC[C@@H](CC(=O)N[Dy])Nc1nc(Nc2cc(C(C)(C)C)[nH]n2)nc(NC2CCC(=O)CC2)n1,BRD4,0
929640,C#CC[C@@H](CC(=O)O)NC(=O)OCC1c2ccccc2-c2ccccc21,Nc1ccc(N2CCOCC2)cc1,Cc1n[nH]c(N)c1C,C#CC[C@@H](CC(=O)N[Dy])Nc1nc(Nc2ccc(N3CCOCC3)cc2)nc(Nc2[nH]nc(C)c2C)n1,BRD4,0
834286,C#CC[C@@H](CC(=O)O)NC(=O)OCC1c2ccccc2-c2ccccc21,NCc1ccncn1,CC(C)(C)c1ccc(O)c(N)c1,C#CC[C@@H](CC(=O)N[Dy])Nc1nc(NCc2ccncn2)nc(Nc2cc(C(C)(C)C)ccc2O)n1,HSA,0
